footprint,name,lat,lon,osm_tag_m,fused_m,used,disputed,seed_4_m,seed_4_dist_m,seed_4_base_visible,seed_4_visible_frac,seed_4_top_edge,seed_5_m,seed_5_dist_m,seed_5_base_visible,seed_5_visible_frac,seed_5_top_edge,seed_1_m,seed_1_dist_m,seed_1_base_visible,seed_1_visible_frac,seed_1_top_edge
23712,Iglesia del Perpetuo Socorro,10.400793,-75.553414,,47.4,seed_4,True,47.4,502,True,0.97,depth,59.4,606,False,0.91,depth,,,,,
23594,,10.401222,-75.553191,,40.8,seed_4,True,40.8,504,True,0.97,depth,27.6,642,True,0.95,depth,,,,,
23593,,10.401071,-75.55324,,44.9,seed_4,True,44.9,511,False,0.86,depth,31.9,636,True,0.97,depth,,,,,
20940,Allure,10.394979,-75.497818,190.0,27.0,seed_1,True,44.2,517,True,0.98,depth,76.9,736,True,0.97,depth,27.0,513,True,0.96,depth
23625,,10.402247,-75.552956,,49.7,seed_4,True,49.7,517,True,0.98,depth,72.4,718,True,0.98,depth,27.1,540,False,0.65,depth
23713,,10.401932,-75.553158,,115.0,seed_4,True,115.0,523,True,0.99,depth,30.7,701,True,0.94,depth,,,,,
23602,,10.402846,-75.552698,,62.2,seed_1+seed_5,True,96.1,524,False,0.96,depth,51.5,759,False,0.76,depth,65.6,496,True,0.87,depth
23592,,10.401055,-75.553391,,71.0,seed_4,False,71.0,528,False,0.33,depth,,,,,,,,,,
23810,,10.401652,-75.553368,,28.2,seed_4,True,28.2,532,True,0.97,depth,38.2,690,True,0.95,depth,,,,,
23808,,10.402267,-75.553111,,88.3,seed_4,False,88.3,540,False,0.41,depth,,,,,,,,,,
23809,,10.402396,-75.553197,,39.7,seed_1,True,85.6,549,False,0.39,depth,131.4,750,False,0.43,sky,39.7,505,False,0.72,depth
23721,,10.401377,-75.55356,,54.9,seed_4+seed_5,False,57.4,550,True,0.97,sky,43.2,686,False,0.33,depth,,,,,
23732,,10.40185,-75.553628,,62.9,seed_4,True,62.9,568,False,0.53,depth,116.4,722,False,0.66,depth,,,,,
23341,,10.399715,-75.55397,,39.9,seed_4,True,39.9,574,True,0.98,depth,80.3,589,True,0.98,depth,,,,,
23725,,10.40108,-75.553877,,80.9,seed_4,True,80.9,574,False,0.39,depth,125.0,680,False,0.53,sky,,,,,
23723,,10.400846,-75.554025,,85.7,seed_5+seed_4,False,87.1,585,False,0.43,depth,84.9,679,True,0.96,depth,,,,,
23656,,10.403735,-75.552718,,109.5,seed_4+seed_5,False,117.2,589,True,0.99,sky,93.6,852,True,0.97,depth,,,,,
23752,,10.403981,-75.552587,,14.4,seed_4,True,14.4,591,True,0.87,depth,83.4,862,True,0.96,depth,,,,,
23735,,10.403519,-75.55293,,54.9,seed_4,True,54.9,591,False,0.91,depth,91.7,833,False,0.44,depth,,,,,
23793,,10.401632,-75.553871,,77.5,seed_4,False,77.5,592,False,0.63,depth,,,,,,,,,,
23738,,10.403032,-75.553303,,81.8,seed_4,False,81.8,592,True,0.98,depth,,,,,,,,,,
23757,,10.402873,-75.553428,,12.1,seed_1,True,67.0,594,False,0.33,depth,,,,,,12.1,444,True,0.86,depth
23348,,10.400022,-75.554193,,40.8,seed_4,False,40.8,597,False,0.79,depth,,,,,,,,,,
23578,,10.404471,-75.552137,,62.1,seed_4,True,62.1,599,True,0.98,depth,114.5,896,False,0.93,sky,,,,,
23334,,10.399412,-75.55417,,71.0,seed_5,True,91.7,601,True,0.99,sky,71.0,598,True,0.98,depth,,,,,
23733,,10.400706,-75.554201,,49.2,seed_4,True,49.2,604,True,0.98,depth,72.0,683,False,0.89,depth,,,,,
23779,,10.402473,-75.554127,,101.8,seed_4,False,101.8,611,True,0.98,depth,,,,,,,,,,
23392,,10.395746,-75.551965,,11.8,seed_5,True,17.4,611,False,0.74,depth,11.8,301,False,0.72,depth,,,,,
23395,,10.395273,-75.551232,,128.5,seed_5,True,41.9,612,True,0.93,depth,128.5,255,True,0.99,depth,,,,,
23386,,10.395331,-75.55146,,122.0,seed_5+seed_4,False,116.8,613,True,0.97,sky,123.0,265,True,0.99,sky,,,,,
23477,,10.395617,-75.552618,,17.8,seed_5,True,13.0,613,True,0.78,depth,17.8,328,False,0.77,depth,,,,,
23387,,10.395421,-75.551641,,120.8,seed_5,True,87.3,613,False,0.87,depth,120.8,278,True,0.99,sky,,,,,
23717,,10.400587,-75.554249,,78.4,seed_5,True,50.6,614,False,0.77,depth,78.4,682,True,0.98,depth,,,,,
23674,,10.404751,-75.551984,,47.7,seed_4,True,47.7,615,True,0.97,depth,67.2,925,False,0.89,depth,,,,,
23383,,10.395034,-75.550992,,41.3,seed_5,True,21.4,618,True,0.95,depth,41.3,246,True,0.98,depth,,,,,
23396,,10.394923,-75.550768,,26.2,seed_5,True,13.9,621,True,0.94,depth,26.2,243,True,0.97,depth,,,,,
23624,,10.40497,-75.551896,,49.1,seed_4,True,49.1,625,True,0.96,depth,84.3,943,False,0.91,depth,,,,,
23673,,10.403646,-75.553254,,131.2,seed_4,False,131.2,627,False,0.55,sky,,,,,,,,,,
23664,,10.405115,-75.5518,,82.0,seed_4+seed_5,False,82.1,627,True,0.98,sky,82.0,950,False,0.91,depth,,,,,
23326,,10.399244,-75.554355,,74.0,seed_5+seed_4,False,71.6,628,True,0.98,depth,76.3,607,True,0.99,depth,,,,,
23650,,10.404341,-75.552757,,26.8,seed_4,False,26.8,629,False,0.44,depth,,,,,,,,,,
23489,,10.396133,-75.552762,,33.4,seed_5,True,16.3,630,False,0.36,depth,33.4,368,True,0.93,depth,,,,,
23378,,10.394698,-75.550328,,24.7,seed_5,True,76.2,632,True,0.96,depth,24.7,243,True,0.99,depth,,,,,
23496,,10.396329,-75.552988,,101.3,seed_5,True,68.7,634,True,0.98,sky,101.3,386,False,0.96,depth,,,,,
23384,,10.394696,-75.550606,,21.9,seed_5,True,14.6,634,True,0.92,depth,21.9,252,True,0.96,depth,,,,,
23796,,10.402016,-75.554275,,105.4,seed_4,False,105.4,635,False,0.36,sky,,,,,,,,,,
23588,,10.400224,-75.554693,,43.0,seed_4,False,43.0,636,False,0.73,depth,,,,,,,,,,
23648,,10.404584,-75.552503,,48.7,seed_1,True,73.3,636,True,0.99,depth,70.4,928,True,0.96,depth,48.7,378,True,0.98,depth
23755,,10.403616,-75.553385,,138.2,seed_4,False,138.2,639,False,0.57,sky,,,,,,,,,,
23372,,10.394498,-75.550224,,65.7,seed_5,True,104.1,639,True,0.99,sky,65.7,247,True,1.0,depth,,,,,
23663,,10.405253,-75.551685,,40.7,seed_4,True,40.7,640,True,0.95,depth,79.4,967,True,0.93,depth,,,,,
23620,,10.405394,-75.551615,,67.5,seed_4,True,67.5,648,True,0.98,depth,99.9,980,True,0.56,sky,,,,,
23208,,10.400417,-75.554632,,50.4,seed_4+seed_5,False,47.4,654,False,0.78,depth,57.2,706,False,0.4,depth,,,,,
20995,Ravello,10.39415,-75.549422,160.0,149.3,seed_5,True,34.2,655,True,0.97,depth,149.3,260,True,1.0,sky,,,,,
23172,,10.396563,-75.55344,,33.3,seed_5,True,22.5,657,True,0.96,depth,33.3,442,True,0.98,depth,,,,,
23391,,10.395418,-75.552186,,24.1,seed_4,False,24.1,657,False,0.26,depth,,,,,,,,,,
23670,,10.40524,-75.552041,,83.8,seed_4,False,83.8,663,False,0.38,sky,,,,,,,,,,
20996,Nautica,10.402769,-75.556373,161.0,41.9,seed_5,True,17.5,664,True,0.89,depth,41.9,271,True,0.99,depth,,,,,
23402,,10.394602,-75.551181,,53.3,seed_5+seed_4,False,45.8,665,False,0.51,depth,55.0,293,False,0.42,depth,,,,,
23653,,10.405614,-75.551616,,103.3,seed_4,False,103.3,668,True,0.98,sky,,,,,,,,,,
23183,,10.396663,-75.553639,,37.8,seed_4,True,37.8,668,True,0.96,depth,51.6,461,False,0.36,depth,,,,,
23309,,10.398907,-75.554671,,62.6,seed_5+seed_4,False,62.4,668,True,0.97,depth,62.7,622,True,0.98,depth,,,,,
23498,,10.396073,-75.553341,,98.0,seed_4,False,98.0,673,False,0.25,sky,,,,,,,,,,
23184,,10.396882,-75.553825,,46.4,seed_5+seed_4,False,39.3,675,True,0.97,depth,50.4,483,False,0.89,depth,,,,,
19970,,10.404404,-75.55364,,81.3,seed_4,False,81.3,680,False,0.85,depth,,,,,,,,,,
23471,,10.394418,-75.550826,,21.9,seed_5,True,62.6,680,False,0.76,depth,21.9,297,False,0.56,depth,,,,,
23197,,10.396976,-75.554017,,50.8,seed_5,True,71.6,683,True,0.97,depth,50.8,503,False,0.9,depth,,,,,
23371,,10.39447,-75.551078,,48.7,seed_5+seed_4,False,39.1,683,False,0.66,depth,50.2,307,False,0.82,depth,,,,,
23418,,10.393996,-75.54904,,8.2,seed_5,True,89.7,684,True,0.98,sky,8.2,296,True,0.94,depth,,,,,
23652,,10.405887,-75.551435,,19.7,seed_4,True,19.7,684,True,0.9,depth,60.4,1023,True,0.96,depth,,,,,
23511,,10.394275,-75.550625,,21.0,seed_5,True,76.6,686,True,0.89,depth,21.0,298,False,0.56,depth,,,,,
23198,,10.397118,-75.554175,,68.0,seed_4+seed_5,False,65.3,691,True,0.98,depth,73.2,522,False,0.29,depth,,,,,
23207,,10.400322,-75.555078,,61.1,seed_4,False,61.1,692,False,0.25,depth,,,,,,,,,,
23658,,10.405101,-75.552699,,92.0,seed_4,False,92.0,695,False,0.27,sky,,,,,,,,,,
23805,,10.405392,-75.552777,,49.6,seed_4,False,49.6,696,True,0.98,depth,,,,,,,,,,
23800,Portomarine,10.406264,-75.550986,188.0,23.6,seed_4,True,23.6,708,True,0.92,depth,120.2,1061,True,0.97,sky,,,,,
23406,,10.39365,-75.548758,,99.2,seed_5,True,18.5,709,True,0.9,depth,99.2,327,True,0.99,sky,,,,,
23425,,10.393744,-75.549157,,23.2,seed_5,True,50.4,710,True,0.97,depth,23.2,320,False,0.9,depth,,,,,
23290,,10.398627,-75.555008,,65.0,seed_5+seed_4,False,63.9,711,True,0.97,depth,66.0,644,True,0.99,depth,,,,,
23204,,10.396388,-75.553993,,103.1,seed_4,False,103.1,711,False,0.61,depth,,,,,,,,,,
23574,,10.406469,-75.550766,,14.8,seed_4,True,14.8,715,True,0.91,depth,117.9,1075,False,0.94,depth,,,,,
23575,,10.40639,-75.550602,,46.1,seed_4,False,46.1,715,True,0.79,depth,,,,,,,,,,
23512,,10.397273,-75.554568,,29.0,seed_5,True,6.3,717,True,0.8,depth,29.0,564,True,0.95,depth,,,,,
19981,,10.391683,-75.501455,10.0,5.9,seed_1,True,148.8,718,True,0.99,depth,,,,,,5.9,301,False,0.59,depth
23414,,10.393579,-75.549482,,154.2,seed_5,True,40.1,720,False,0.55,depth,154.2,326,False,0.78,depth,,,,,
23205,,10.400089,-75.555256,,90.0,seed_4,False,90.0,721,False,0.49,depth,,,,,,,,,,
23415,,10.393528,-75.548605,,45.2,seed_5,True,64.1,723,True,0.96,sky,45.2,345,True,0.98,depth,,,,,
23419,,10.393763,-75.549928,,159.8,seed_5+seed_4,False,156.7,724,True,0.98,depth,160.4,329,True,0.99,sky,,,,,
23513,,10.39741,-75.55474,,88.6,seed_4,False,88.6,729,True,0.98,sky,,,,,,,,,,
23278,,10.398504,-75.555136,,20.4,seed_5,True,143.4,731,True,0.75,depth,20.4,653,True,0.87,depth,,,,,
23410,,10.395043,-75.552885,,98.5,seed_4,False,98.5,733,False,0.91,sky,,,,,,,,,,
23412,,10.395133,-75.553046,,24.1,seed_4,False,24.1,737,False,0.65,depth,,,,,,,,,,
23420,,10.39521,-75.553118,,31.9,seed_4,False,31.9,737,False,0.44,depth,,,,,,,,,,
23676,,10.40623,-75.551699,,64.4,seed_4,False,64.4,738,False,0.68,sky,,,,,,,,,,
23405,,10.393397,-75.548401,,22.2,seed_5,True,15.3,740,True,0.8,depth,22.2,366,True,0.95,depth,,,,,
20093,,10.407623,-75.549846,,18.5,seed_4,True,18.5,745,True,0.76,depth,166.5,1116,False,0.94,sky,,,,,
23704,,10.405787,-75.552579,,68.1,seed_4,False,68.1,746,False,0.26,sky,,,,,,,,,,
23199,,10.396502,-75.55444,,81.8,seed_5,True,114.7,747,False,0.64,depth,81.8,541,False,0.43,depth,,,,,
23397,,10.393355,-75.548163,,13.9,seed_5,True,57.4,749,True,0.93,sky,13.9,382,True,0.91,depth,,,,,
23516,,10.39755,-75.555024,,105.7,seed_5,True,23.5,753,True,0.91,depth,105.7,619,True,0.98,sky,,,,,
23643,,10.406521,-75.551413,,188.6,seed_4,True,188.6,753,True,0.99,sky,71.8,1098,True,0.96,depth,,,,,
23483,,10.393242,-75.547968,,35.9,seed_5,True,21.6,755,False,0.74,depth,35.9,394,False,0.63,depth,,,,,
23525,,10.396979,-75.554733,,40.4,seed_4,False,40.4,756,False,0.82,depth,,,,,,,,,,
23815,,10.395736,-75.554022,,72.0,seed_4,True,72.0,760,True,0.98,depth,16.9,508,False,0.34,depth,,,,,
20092,,10.406819,-75.550256,,122.2,seed_4+seed_5,False,113.4,765,False,0.81,depth,137.7,1131,True,0.97,depth,,,,,
23514,,10.397689,-75.555286,,88.9,seed_4,False,88.9,771,False,0.7,sky,,,,,,,,,,
20998,Gran Bay Club,10.393127,-75.481757,170.0,144.0,seed_4,True,144.0,773,True,0.98,depth,17.7,689,False,0.35,depth,,,,,
23645,,10.406729,-75.551283,,52.0,seed_4,False,52.0,773,False,0.53,sky,,,,,,,,,,
23706,,10.406585,-75.55162,,19.2,seed_1,True,40.1,777,True,0.73,depth,,,,,,19.2,422,True,0.87,depth
23196,,10.395928,-75.554334,,115.5,seed_4+seed_5,False,106.1,780,False,0.8,sky,124.9,549,False,0.4,depth,,,,,
23599,,10.406882,-75.551127,,57.6,seed_4,False,57.6,781,False,0.58,depth,,,,,,,,,,
23753,,10.405513,-75.553423,,80.1,seed_4,True,80.1,785,True,0.98,sky,155.7,1064,False,0.45,sky,,,,,
23771,,10.404842,-75.554269,,53.0,seed_4,False,53.0,786,True,0.97,sky,,,,,,,,,,
23493,,10.393058,-75.549821,,93.5,seed_4,False,93.5,789,False,0.54,sky,,,,,,,,,,
23506,,10.393029,-75.547627,,103.8,seed_5+seed_4,False,101.3,792,True,0.95,sky,104.9,438,False,0.7,depth,,,,,
23219,,10.400296,-75.555909,,88.1,seed_4,False,88.1,795,False,0.26,depth,,,,,,,,,,
20085,,10.390417,-75.501739,,16.3,seed_4,True,16.3,795,True,0.81,depth,125.2,1169,True,0.98,depth,,,,,
23686,,10.407056,-75.551039,,113.1,seed_4,False,113.1,797,False,0.87,sky,,,,,,,,,,
23777,,10.403522,-75.555172,,98.7,seed_1+seed_4,False,96.1,801,True,0.97,sky,,,,,,99.1,322,True,0.99,sky
23376,,10.392829,-75.547534,,62.6,seed_4,False,62.6,806,False,0.9,depth,,,,,,,,,,
23241,Edificio Palos de Moguer,10.398024,-75.555715,26.0,93.5,seed_5,True,23.2,810,True,0.9,depth,93.5,702,True,0.98,depth,,,,,
23520,,10.39727,-75.555658,,61.8,seed_4,False,61.8,817,False,0.59,depth,,,,,,,,,,
23185,,10.395373,-75.554472,,107.0,seed_4,False,107.0,821,False,0.27,sky,,,,,,,,,,
23370,,10.392728,-75.54727,,58.8,seed_5+seed_4,False,59.9,827,False,0.88,sky,58.5,480,True,0.99,other,,,,,
23690,,10.405362,-75.55419,,105.2,seed_1,True,140.8,831,False,0.35,sky,,,,,,105.2,182,True,1.0,sky
23768,,10.405834,-75.553976,,2.4,seed_1,True,76.0,837,True,0.97,sky,,,,,,2.4,168,True,0.8,other
23363,,10.396653,-75.555464,,68.0,seed_4,False,68.0,839,False,0.38,depth,,,,,,,,,,
23247,,10.397685,-75.555982,,41.9,seed_4,False,41.9,849,True,0.96,depth,,,,,,,,,,
23362,,10.396772,-75.555595,,30.8,seed_4,False,30.8,853,True,0.95,depth,,,,,,,,,,
20089,,10.40812,-75.550023,,8.7,seed_4,True,8.7,871,True,0.71,depth,24.5,1250,True,0.83,depth,,,,,
23224,,10.402173,-75.556501,,87.4,seed_4,False,87.4,873,False,0.26,sky,,,,,,,,,,
23249,,10.397521,-75.556351,,87.5,seed_4,False,87.5,874,False,0.47,sky,,,,,,,,,,
23475,,10.391966,-75.548776,,32.7,seed_4,False,32.7,903,False,0.59,depth,,,,,,,,,,
23662,,10.40819,-75.55123,,82.8,seed_4,False,82.8,922,False,0.4,depth,,,,,,,,,,
20047,,10.410763,-75.548572,,84.1,seed_4,False,84.1,930,False,0.83,sky,,,,,,,,,,
23436,,10.391551,-75.548319,,16.3,seed_4,False,16.3,942,False,0.41,depth,,,,,,,,,,
23611,,10.408648,-75.551191,,164.4,seed_4,False,164.4,955,True,0.99,depth,,,,,,,,,,
20043,,10.409091,-75.54944,,9.3,seed_4,True,9.3,1001,True,0.76,depth,63.5,1383,True,0.94,depth,,,,,
20040,,10.410249,-75.549965,,6.1,seed_4,True,6.1,1019,True,0.79,depth,25.3,1404,True,0.9,depth,,,,,
20042,,10.409317,-75.549526,,9.5,seed_4,False,9.5,1054,True,0.79,depth,,,,,,,,,,
23302,,10.395737,-75.557725,,38.8,seed_4,False,38.8,1102,False,0.27,depth,,,,,,,,,,
23627,,10.411872,-75.550713,,36.0,seed_1,True,20.8,1307,True,0.89,depth,,,,,,36.0,782,True,0.97,depth
23630,,10.412045,-75.551134,,30.3,seed_1+seed_4,False,34.6,1317,True,0.95,depth,,,,,,28.8,759,True,0.93,depth
23606,,10.412479,-75.550695,,9.4,seed_4,False,9.4,1375,True,0.69,depth,,,,,,,,,,
84,Twins Bay,10.408226,-75.53673,,70.1,seed_4,False,70.1,1537,False,0.57,sky,,,,,,,,,,
1476,,10.409402,-75.53782,,85.0,seed_4,False,85.0,1551,False,0.78,sky,,,,,,,,,,
1493,,10.409657,-75.537919,,85.2,seed_4,False,85.2,1558,False,0.7,sky,,,,,,,,,,
250,,10.412426,-75.541167,,15.2,seed_4+seed_5,False,14.7,1560,True,0.75,depth,15.9,1936,True,0.85,other,,,,,
227,,10.411988,-75.540496,,53.6,seed_4,False,53.6,1568,True,0.94,sky,,,,,,,,,,
259,,10.411854,-75.540268,,51.7,seed_4,False,51.7,1568,True,0.86,depth,,,,,,,,,,
1,,10.409001,-75.536735,,49.9,seed_4,False,49.9,1569,True,0.75,depth,,,,,,,,,,
214,,10.412754,-75.541601,,29.3,seed_4,True,29.3,1577,True,0.89,depth,15.0,1958,True,0.61,other,,,,,
247,,10.412938,-75.541869,,33.0,seed_4,False,33.0,1580,True,0.91,depth,,,,,,,,,,
149,,10.409398,-75.537364,,85.7,seed_4,False,85.7,1582,True,0.97,sky,,,,,,,,,,
221,,10.413119,-75.542112,,63.0,seed_4,True,63.0,1583,True,0.95,sky,32.9,1967,True,0.83,depth,,,,,
251,,10.412246,-75.540673,,40.5,seed_4+seed_5,False,42.3,1589,True,0.85,depth,37.7,1961,True,0.85,other,,,,,
1479,,10.410475,-75.538144,,46.0,seed_4,False,46.0,1598,False,0.33,other,,,,,,,,,,
253,,10.412373,-75.540462,,23.4,seed_5,True,72.8,1607,False,0.34,sky,23.4,1978,True,0.79,other,,,,,
1502,,10.411445,-75.538824,,40.2,seed_4,False,40.2,1621,True,0.76,depth,,,,,,,,,,
1444,,10.411198,-75.538626,,71.0,seed_4,False,71.0,1621,False,0.6,sky,,,,,,,,,,
1565,,10.412758,-75.540773,,32.5,seed_4,False,32.5,1621,False,0.35,depth,,,,,,,,,,
1468,,10.411615,-75.539148,,55.6,seed_4,False,55.6,1623,True,0.9,depth,,,,,,,,,,
1520,,10.413683,-75.542415,,26.8,seed_4+seed_5,False,28.5,1631,True,0.81,depth,24.2,2018,True,0.87,depth,,,,,
1624,,10.412993,-75.54094,,32.3,seed_4,False,32.3,1634,False,0.36,depth,,,,,,,,,,
1554,,10.413898,-75.542695,,28.3,seed_4,False,28.3,1643,True,0.69,depth,,,,,,,,,,
236,,10.412147,-75.539594,,40.0,seed_4,False,40.0,1646,True,0.88,depth,,,,,,,,,,
50,Carulla,10.413276,-75.540274,,20.3,seed_4,False,20.3,1655,True,0.77,depth,,,,,,,,,,
1580,,10.412467,-75.53968,,59.6,seed_4,False,59.6,1667,True,0.93,sky,,,,,,,,,,
1460,,10.412185,-75.538918,,51.7,seed_4,True,51.7,1674,True,0.92,depth,21.2,2035,True,0.67,other,,,,,
1386,,10.410576,-75.537343,,51.7,seed_4,False,51.7,1675,False,0.31,other,,,,,,,,,,
8689,,10.41005,-75.53682,,91.7,seed_4,False,91.7,1679,True,0.91,sky,,,,,,,,,,
1517,,10.414081,-75.542071,,57.5,seed_4+seed_5,False,51.7,1690,False,0.31,sky,63.4,2076,False,0.46,depth,,,,,
1433,,10.412417,-75.538964,,45.6,seed_4,True,45.6,1696,True,0.92,depth,30.0,2057,True,0.8,other,,,,,
219,,10.413744,-75.540836,,19.1,seed_4,False,19.1,1718,True,0.85,depth,,,,,,,,,,
1522,,10.414623,-75.542194,,26.9,seed_4,False,26.9,1736,True,0.92,depth,,,,,,,,,,
1318,,10.411309,-75.537108,,47.5,seed_4,False,47.5,1748,False,0.26,other,,,,,,,,,,
1236,,10.411911,-75.537516,,64.3,seed_4,False,64.3,1768,False,0.46,depth,,,,,,,,,,
1358,,10.411288,-75.536478,,85.7,seed_4,False,85.7,1789,False,0.3,sky,,,,,,,,,,
1478,,10.413132,-75.538622,,38.8,seed_4,False,38.8,1796,True,0.88,depth,,,,,,,,,,
1570,,10.415304,-75.542014,,47.4,seed_4,False,47.4,1805,False,0.27,sky,,,,,,,,,,
750,,10.410143,-75.534819,,25.2,seed_4,False,25.2,1858,True,0.87,depth,,,,,,,,,,
1259,,10.411581,-75.534305,,80.0,seed_4,False,80.0,1988,True,0.94,sky,,,,,,,,,,
7460,,10.417349,-75.540842,,51.5,seed_4,False,51.5,2076,False,0.38,sky,,,,,,,,,,
1810,,10.416836,-75.539012,,46.5,seed_4,False,46.5,2117,False,0.32,sky,,,,,,,,,,
42,La Bodeguita,10.419765,-75.5517,,20.3,seed_4,False,20.3,2187,True,0.76,depth,,,,,,,,,,
195,,10.420666,-75.540154,,34.4,seed_4,False,34.4,2386,True,0.82,sky,,,,,,,,,,
1941,Santa Teresa,10.422268,-75.552693,,18.1,seed_1+seed_4,False,16.3,2461,True,0.71,depth,,,,,,19.1,1758,True,0.87,depth
23385,,10.39567,-75.551844,,76.4,seed_5,False,,,,,,76.4,289,False,0.94,depth,,,,,
23401,,10.393887,-75.550127,,117.7,seed_5,False,,,,,,117.7,313,True,0.99,sky,,,,,
23390,,10.395548,-75.552092,,103.7,seed_5,False,,,,,,103.7,322,False,0.26,depth,,,,,
23478,,10.395938,-75.552568,,24.3,seed_5,False,,,,,,24.3,348,False,0.41,depth,,,,,
23439,,10.393854,-75.550971,,16.0,seed_5,False,,,,,,16.0,358,False,0.54,depth,,,,,
23429,,10.393683,-75.550754,,73.8,seed_5,False,,,,,,73.8,358,False,0.9,depth,,,,,
23495,,10.393382,-75.548922,,14.1,seed_5,False,,,,,,14.1,366,True,0.97,depth,,,,,
23457,,10.394427,-75.551983,,55.2,seed_5,False,,,,,,55.2,374,True,0.99,depth,,,,,
23494,,10.393255,-75.549012,,26.6,seed_5,False,,,,,,26.6,382,False,0.54,depth,,,,,
23497,,10.39351,-75.551417,,29.3,seed_5,False,,,,,,29.3,406,False,0.77,depth,,,,,
23407,,10.393434,-75.55116,,20.1,seed_5,False,,,,,,20.1,407,False,0.68,depth,,,,,
23444,,10.393763,-75.551679,,56.9,seed_5,False,,,,,,56.9,407,False,0.35,other,,,,,
23823,,10.395698,-75.552955,,14.4,seed_5,False,,,,,,14.4,408,True,0.94,other,,,,,
23399,,10.393095,-75.550623,,98.1,seed_5,False,,,,,,98.1,410,False,0.52,depth,,,,,
23446,,10.39362,-75.551553,,29.3,seed_5,False,,,,,,29.3,412,True,0.97,depth,,,,,
23503,,10.392884,-75.54927,,9.1,seed_5,False,,,,,,9.1,420,True,0.82,depth,,,,,
23450,,10.393433,-75.551357,,27.4,seed_5,False,,,,,,27.4,424,True,0.9,depth,,,,,
23501,,10.395721,-75.553185,,23.9,seed_5,False,,,,,,23.9,430,False,0.62,depth,,,,,
23367,,10.393934,-75.552101,,19.1,seed_5,False,,,,,,19.1,433,True,0.96,depth,,,,,
23453,,10.392678,-75.549122,,40.3,seed_5,False,,,,,,40.3,438,True,0.96,depth,,,,,
23447,,10.392678,-75.548923,,31.5,seed_5,False,,,,,,31.5,447,False,0.48,depth,,,,,
23422,,10.395242,-75.55335,,11.5,seed_5,False,,,,,,11.5,458,True,0.89,depth,,,,,
23423,,10.395352,-75.553508,,19.6,seed_5,False,,,,,,19.6,471,False,0.43,depth,,,,,
23458,,10.392488,-75.54797,,20.4,seed_5,False,,,,,,20.4,482,True,0.92,depth,,,,,
23424,,10.395541,-75.553639,,66.7,seed_5,False,,,,,,66.7,482,False,0.75,depth,,,,,
23466,,10.392161,-75.549254,,58.4,seed_5,False,,,,,,58.4,496,True,0.98,depth,,,,,
23426,,10.395368,-75.55375,,81.2,seed_5,False,,,,,,81.2,499,False,0.47,other,,,,,
23431,,10.395057,-75.553945,,17.8,seed_5,False,,,,,,17.8,524,False,0.27,depth,,,,,
23201,,10.39691,-75.554314,,77.5,seed_5,False,,,,,,77.5,537,False,0.35,depth,,,,,
23722,,10.395536,-75.554125,,74.3,seed_5,False,,,,,,74.3,539,False,0.46,other,,,,,
23195,,10.395847,-75.554233,,72.3,seed_5,False,,,,,,72.3,541,False,0.8,depth,,,,,
23200,,10.396757,-75.554395,,90.0,seed_5,False,,,,,,90.0,544,False,0.47,depth,,,,,
23487,,10.391465,-75.547558,,15.6,seed_5,False,,,,,,15.6,582,False,0.42,depth,,,,,
23187,,10.395485,-75.554609,,66.1,seed_5,False,,,,,,66.1,586,False,0.89,depth,,,,,
23438,,10.391412,-75.548124,,15.8,seed_5,False,,,,,,15.8,590,False,0.34,depth,,,,,
23190,,10.395559,-75.55477,,35.4,seed_5,False,,,,,,35.4,596,False,0.84,depth,,,,,
23515,,10.397445,-75.554884,,67.7,seed_5,False,,,,,,67.7,609,False,0.62,depth,,,,,
19841,,10.390125,-75.504569,,11.2,seed_5,False,,,,,,11.2,623,True,0.88,depth,,,,,
23300,,10.39883,-75.554858,,70.3,seed_5,False,,,,,,70.3,630,True,0.98,depth,,,,,
23389,,10.399084,-75.555059,,114.9,seed_5,False,,,,,,114.9,664,False,0.44,depth,,,,,
23417,,10.398951,-75.555214,,122.4,seed_5,False,,,,,,122.4,676,False,0.42,sky,,,,,
23416,,10.39888,-75.55525,,128.4,seed_5,False,,,,,,128.4,683,False,0.45,depth,,,,,
23356,,10.395985,-75.555554,,144.7,seed_5,False,,,,,,144.7,683,False,0.25,depth,,,,,
19838,,10.391203,-75.545007,,9.7,seed_5,False,,,,,,9.7,703,True,0.66,other,,,,,
23240,,10.398418,-75.555714,,25.5,seed_5,False,,,,,,25.5,706,False,0.25,depth,,,,,
23729,,10.401027,-75.554426,,70.6,seed_5,False,,,,,,70.6,721,True,0.99,depth,,,,,
23811,,10.401217,-75.554275,,96.8,seed_5,False,,,,,,96.8,721,True,0.54,sky,,,,,
23730,,10.402039,-75.553405,,134.1,seed_5,False,,,,,,134.1,732,False,0.76,sky,,,,,
23238,,10.398281,-75.55601,,66.6,seed_5,False,,,,,,66.6,737,False,0.61,depth,,,,,
19834,,10.391182,-75.546866,,7.1,seed_5,False,,,,,,7.1,737,True,0.7,other,,,,,
23554,,10.39879,-75.556056,,174.5,seed_5,False,,,,,,174.5,767,False,0.87,sky,,,,,
23553,,10.398754,-75.556294,,174.1,seed_5,False,,,,,,174.1,772,False,0.87,depth,,,,,
23824,,10.401239,-75.554907,,91.2,seed_5,False,,,,,,91.2,774,False,0.28,sky,,,,,
23552,,10.398359,-75.556535,,92.9,seed_5,False,,,,,,92.9,804,False,0.27,depth,,,,,
23758,,10.402723,-75.553588,,78.7,seed_5,False,,,,,,78.7,806,True,0.97,depth,,,,,
23774,,10.402361,-75.554368,,129.6,seed_5,False,,,,,,129.6,818,False,0.33,sky,,,,,
23739,,10.39807,-75.556968,,77.1,seed_5,False,,,,,,77.1,833,True,0.99,depth,,,,,
23763,,10.402909,-75.553808,,129.5,seed_5,False,,,,,,129.5,841,False,0.36,depth,,,,,
23176,,10.397388,-75.557184,,85.6,seed_5,False,,,,,,85.6,852,False,0.28,depth,,,,,
23819,,10.40222,-75.555214,,134.7,seed_5,False,,,,,,134.7,870,False,0.26,sky,,,,,
23734,,10.40382,-75.553215,,139.4,seed_5,False,,,,,,139.4,882,False,0.31,sky,,,,,
23694,,10.404004,-75.553046,,146.6,seed_5,False,,,,,,146.6,899,False,0.34,sky,,,,,
23308,,10.397681,-75.558089,45.0,76.7,seed_5,False,,,,,,76.7,939,False,0.27,depth,,,,,
23756,,10.405672,-75.553706,,37.2,seed_1,True,,,,,,160.1,1098,False,0.39,sky,37.2,211,True,0.99,depth
23268,,10.397444,-75.559775,,87.2,seed_5,False,,,,,,87.2,1108,False,0.3,depth,,,,,
23605,,10.406859,-75.551751,,86.9,seed_5,False,,,,,,86.9,1141,False,0.27,depth,,,,,
23635,,10.394396,-75.560425,,36.9,seed_5,False,,,,,,36.9,1235,True,0.46,depth,,,,,
23266,Hotel Caribe,10.398097,-75.56122,,64.4,seed_1,True,,,,,,103.4,1245,False,0.25,depth,64.4,1093,False,0.72,sky
23671,,10.408006,-75.551523,,84.3,seed_5,False,,,,,,84.3,1257,True,0.54,depth,,,,,
23651,,10.394344,-75.560844,,60.5,seed_5,False,,,,,,60.5,1265,False,0.29,depth,,,,,
20082,,10.408397,-75.549953,,69.9,seed_5,False,,,,,,69.9,1308,False,0.61,depth,,,,,
23691,,10.3939,-75.561214,,44.5,seed_5,False,,,,,,44.5,1333,False,0.28,other,,,,,
23595,,10.409193,-75.551057,,136.7,seed_5,False,,,,,,136.7,1381,True,0.97,depth,,,,,
20081,,10.408604,-75.54977,,33.3,seed_5,False,,,,,,33.3,1524,True,0.85,depth,,,,,
23162,,10.396159,-75.563581,,79.4,seed_5,False,,,,,,79.4,1542,False,0.27,other,,,,,
20048,,10.410678,-75.549387,,43.2,seed_5,False,,,,,,43.2,1547,True,0.5,depth,,,,,
20050,,10.411342,-75.547397,,64.8,seed_5,False,,,,,,64.8,1548,False,0.61,other,,,,,
20076,,10.41169,-75.548968,,62.2,seed_5,False,,,,,,62.2,1585,False,0.62,other,,,,,
20052,,10.411645,-75.546736,,34.4,seed_5,False,,,,,,34.4,1587,True,0.86,depth,,,,,
22389,,10.413322,-75.45939,,33.7,seed_5,False,,,,,,33.7,1603,True,0.88,depth,,,,,
20074,,10.41107,-75.54847,,63.6,seed_5,False,,,,,,63.6,1606,False,0.32,other,,,,,
20055,,10.410801,-75.547529,,21.8,seed_5,False,,,,,,21.8,1619,True,0.69,depth,,,,,
20054,,10.411244,-75.546888,,31.2,seed_5,False,,,,,,31.2,1665,True,0.87,depth,,,,,
20064,,10.412897,-75.546734,,23.4,seed_5,False,,,,,,23.4,1759,True,0.87,depth,,,,,
20087,,10.414475,-75.547984,,46.4,seed_5,False,,,,,,46.4,1978,False,0.4,other,,,,,
200,Club de pesca,10.414272,-75.544283,,50.4,seed_5,False,,,,,,50.4,2006,True,0.83,other,,,,,
217,,10.413563,-75.542037,,69.1,seed_5,False,,,,,,69.1,2017,False,0.41,depth,,,,,
1518,,10.414146,-75.543038,,21.2,seed_5,False,,,,,,21.2,2035,True,0.67,depth,,,,,
1548,,10.414312,-75.543023,,44.3,seed_5,False,,,,,,44.3,2062,False,0.33,depth,,,,,
1409,,10.413116,-75.539761,,15.1,seed_5,False,,,,,,15.1,2069,True,0.64,other,,,,,
1568,,10.414739,-75.542624,,22.9,seed_5,False,,,,,,22.9,2121,True,0.86,depth,,,,,
21025,,10.392336,-75.501916,,35.2,seed_5,False,,,,,,35.2,2123,True,0.91,other,,,,,
121,,10.415507,-75.543781,,42.0,seed_5,False,,,,,,42.0,2149,True,0.84,other,,,,,
1506,,10.415007,-75.542333,,34.2,seed_5,False,,,,,,34.2,2159,True,0.44,depth,,,,,
7465,,10.416502,-75.542689,,24.7,seed_5,False,,,,,,24.7,2300,True,0.76,other,,,,,
6213,,10.418137,-75.545949,,36.1,seed_5,False,,,,,,36.1,2376,True,0.61,depth,,,,,
3,GHL Collection Armeria Real Hotel,10.41816,-75.545297,,30.0,seed_5,False,,,,,,30.0,2397,True,0.75,depth,,,,,
6210,,10.418753,-75.546566,,28.6,seed_5,False,,,,,,28.6,2446,True,0.6,other,,,,,
6211,,10.418913,-75.546768,,28.2,seed_5,False,,,,,,28.2,2460,True,0.61,other,,,,,
6984,,10.419192,-75.547055,,39.0,seed_5,False,,,,,,39.0,2489,True,0.74,other,,,,,
6980,,10.419498,-75.547383,,32.5,seed_5,False,,,,,,32.5,2518,True,0.72,other,,,,,
108,,10.418141,-75.540831,,40.6,seed_5,False,,,,,,40.6,2548,False,0.51,depth,,,,,
9437,Canal Cartagena,10.420228,-75.548113,13.0,30.4,seed_5,False,,,,,,30.4,2598,False,0.4,other,,,,,
9445,,10.420465,-75.544228,,15.8,seed_5,False,,,,,,15.8,2679,True,0.79,other,,,,,
6217,,10.421611,-75.544205,,25.2,seed_5,False,,,,,,25.2,2797,True,0.78,other,,,,,
7108,,10.422924,-75.550565,,77.0,seed_5,False,,,,,,77.0,2902,False,0.35,sky,,,,,
23569,,10.405146,-75.55466,,16.7,seed_1,False,,,,,,,,,,,16.7,167,False,0.82,depth
23693,,10.405206,-75.554532,,23.6,seed_1,False,,,,,,,,,,,23.6,171,True,0.96,depth
23765,,10.405066,-75.554722,,9.9,seed_1,False,,,,,,,,,,,9.9,171,False,0.83,depth
23695,,10.405986,-75.553809,,48.4,seed_1,False,,,,,,,,,,,48.4,184,False,0.95,depth
23761,,10.406162,-75.553762,,65.3,seed_1,False,,,,,,,,,,,65.3,186,False,0.96,depth
23764,,10.404821,-75.554663,,47.9,seed_1,False,,,,,,,,,,,47.9,196,False,0.85,sky
23647,,10.406402,-75.553497,100.0,9.2,seed_1,False,,,,,,,,,,,9.2,203,True,0.96,depth
23698,,10.404644,-75.554958,,6.6,seed_1,False,,,,,,,,,,,6.6,205,True,0.93,depth
23766,,10.406038,-75.55356,,80.2,seed_1,False,,,,,,,,,,,80.2,211,False,0.35,depth
17316,Edificio Palmeto Uno,10.410884,-75.550754,,45.6,seed_1,False,,,,,,,,,,,45.6,221,True,0.98,depth
23657,,10.404319,-75.554639,,88.8,seed_1,False,,,,,,,,,,,88.8,233,True,1.0,sky
23672,,10.40417,-75.55484,,105.7,seed_1,False,,,,,,,,,,,105.7,246,False,0.53,sky
23684,,10.406815,-75.553168,,44.4,seed_1,False,,,,,,,,,,,44.4,249,False,0.93,depth
23767,,10.406263,-75.552989,,33.6,seed_1,False,,,,,,,,,,,33.6,264,False,0.93,depth
23786,,10.403565,-75.555724,,58.5,seed_1,False,,,,,,,,,,,58.5,283,True,0.98,depth
23682,,10.406362,-75.552819,,3.0,seed_1,False,,,,,,,,,,,3.0,284,True,0.86,depth
23639,,10.40654,-75.552647,,5.2,seed_1,False,,,,,,,,,,,5.2,300,True,0.93,depth
23640,,10.406708,-75.552578,,91.6,seed_1,False,,,,,,,,,,,91.6,308,False,0.47,sky
23667,,10.406045,-75.552481,,120.2,seed_1,False,,,,,,,,,,,120.2,323,False,0.26,sky
19972,,10.404109,-75.55354,32.0,20.7,seed_1,False,,,,,,,,,,,20.7,328,False,0.33,depth
23778,,10.403428,-75.555362,,107.5,seed_1,False,,,,,,,,,,,107.5,329,False,0.4,sky
23666,,10.406194,-75.552294,,120.1,seed_1,False,,,,,,,,,,,120.1,338,False,0.7,sky
23775,,10.403324,-75.555494,,108.4,seed_1,False,,,,,,,,,,,108.4,339,False,0.4,sky
17314,Decameron Cartagena,10.410357,-75.550843,,83.7,seed_1,False,,,,,,,,,,,83.7,341,False,0.94,sky
23613,,10.406306,-75.552131,,4.5,seed_1,False,,,,,,,,,,,4.5,355,True,0.91,depth
23633,,10.407197,-75.552174,,62.7,seed_1,False,,,,,,,,,,,62.7,359,True,0.99,depth
23746,,10.403157,-75.555998,,102.1,seed_1,False,,,,,,,,,,,102.1,359,True,0.98,sky
23600,,10.406492,-75.552076,,5.1,seed_1,False,,,,,,,,,,,5.1,367,True,0.83,depth
23790,,10.403079,-75.554982,,93.0,seed_1,False,,,,,,,,,,,93.0,372,False,0.41,sky
23787,,10.40295,-75.555846,,105.4,seed_1,False,,,,,,,,,,,105.4,375,False,0.35,sky
23745,,10.403042,-75.55618,,49.6,seed_1,False,,,,,,,,,,,49.6,379,True,0.99,sky
23596,,10.406454,-75.551929,,17.2,seed_1,False,,,,,,,,,,,17.2,383,False,0.67,depth
23649,,10.404728,-75.552334,,53.5,seed_1,False,,,,,,,,,,,53.5,386,False,0.35,sky
23697,,10.403426,-75.553366,,2.7,seed_1,False,,,,,,,,,,,2.7,390,True,0.83,depth
23742,,10.403242,-75.553543,,3.5,seed_1,False,,,,,,,,,,,3.5,397,True,0.78,depth
23677,,10.406357,-75.551837,,17.4,seed_1,False,,,,,,,,,,,17.4,397,True,0.85,depth
23623,,10.407601,-75.551894,,102.2,seed_1,False,,,,,,,,,,,102.2,403,True,0.99,sky
23614,,10.407996,-75.552069,,52.4,seed_1,False,,,,,,,,,,,52.4,404,False,0.87,depth
20997,Palmetto Eliptic,10.398233,-75.555492,156.0,34.2,seed_1,False,,,,,,,,,,,34.2,411,True,0.96,depth
23622,,10.408163,-75.551868,,76.1,seed_1,False,,,,,,,,,,,76.1,429,False,0.27,depth
23737,,10.403184,-75.553151,,19.6,seed_1,False,,,,,,,,,,,19.6,436,True,0.93,depth
23222,Hotel Cartagena Plaza,10.402365,-75.556794,,4.9,seed_1,False,,,,,,,,,,,4.9,459,True,0.88,depth
23610,,10.408724,-75.551547,,121.6,seed_1,False,,,,,,,,,,,121.6,485,True,0.99,depth
23223,,10.402093,-75.556994,,37.3,seed_1,False,,,,,,,,,,,37.3,498,False,0.88,depth
23601,,10.409196,-75.551363,,166.4,seed_1,False,,,,,,,,,,,166.4,525,True,0.99,sky
23598,,10.409489,-75.551379,,159.9,seed_1,False,,,,,,,,,,,159.9,551,True,0.99,sky
24131,ESTELAR Cartagena de Indias Hotel & Centro de Convenciones,10.409742,-75.551255,,157.0,seed_1,False,,,,,,,,,,,157.0,560,True,0.99,sky
23233,,10.401086,-75.557612,,42.7,seed_1,False,,,,,,,,,,,42.7,629,True,0.95,depth
23897,,10.410564,-75.551024,190.0,48.3,seed_1,False,,,,,,,,,,,48.3,646,True,0.98,depth
23245,Hotel Almirante,10.400834,-75.558157,,54.7,seed_1,False,,,,,,,,,,,54.7,657,True,0.96,depth
23564,Hotel Toledo,10.400667,-75.55716,,40.7,seed_1,False,,,,,,,,,,,40.7,658,True,0.95,depth
17320,,10.41132,-75.55071,,114.3,seed_1,False,,,,,,,,,,,114.3,681,False,0.54,sky
23244,,10.400893,-75.558533,,105.7,seed_1,False,,,,,,,,,,,105.7,693,True,0.98,sky
17317,,10.407272,-75.551299,,115.3,seed_1,False,,,,,,,,,,,115.3,704,False,0.54,sky
23896,,10.411411,-75.550956,102.0,63.1,seed_1,False,,,,,,,,,,,63.1,714,True,0.96,sky
17319,,10.410633,-75.550815,,115.7,seed_1,False,,,,,,,,,,,115.7,723,False,0.54,sky
23237,,10.400359,-75.558838,,8.6,seed_1,False,,,,,,,,,,,8.6,727,True,0.79,depth
23246,,10.400316,-75.558473,,92.7,seed_1,False,,,,,,,,,,,92.7,743,False,0.34,sky
23631,,10.412591,-75.551052,,36.0,seed_1,False,,,,,,,,,,,36.0,822,True,0.97,depth
23331,,10.39984,-75.559721,,16.0,seed_1,False,,,,,,,,,,,16.0,845,True,0.87,depth
23333,,10.399521,-75.559486,,54.4,seed_1,False,,,,,,,,,,,54.4,864,False,0.86,depth
23579,,10.413279,-75.550952,,31.7,seed_1,False,,,,,,,,,,,31.7,889,True,0.92,depth
23337,,10.399377,-75.559729,,33.8,seed_1,False,,,,,,,,,,,33.8,904,False,0.44,depth
23335,,10.399199,-75.560132,,16.2,seed_1,False,,,,,,,,,,,16.2,928,True,0.81,depth
23340,,10.398637,-75.559737,,125.7,seed_1,False,,,,,,,,,,,125.7,950,False,0.46,sky
23338,,10.398981,-75.560218,,43.9,seed_1,False,,,,,,,,,,,43.9,967,False,0.54,depth
23265,,10.399183,-75.560745,,15.0,seed_1,False,,,,,,,,,,,15.0,984,True,0.77,depth
23263,,10.399129,-75.561302,,21.3,seed_1,False,,,,,,,,,,,21.3,1029,True,0.91,depth
23261,,10.398393,-75.562213,,8.8,seed_1,False,,,,,,,,,,,8.8,1148,True,0.62,depth
23262,,10.397816,-75.562016,,22.1,seed_1,False,,,,,,,,,,,22.1,1165,True,0.87,depth
23567,Hospital Naval de Cartagena,10.416563,-75.550437,,18.8,seed_1,False,,,,,,,,,,,18.8,1202,True,0.9,depth
23253,Las Tres Carabelas,10.397151,-75.562552,70.0,35.8,seed_1,False,,,,,,,,,,,35.8,1274,False,0.25,depth
23581,,10.417474,-75.55135,,17.4,seed_1,False,,,,,,,,,,,17.4,1298,True,0.88,other
23572,,10.416784,-75.549706,,34.3,seed_1,False,,,,,,,,,,,34.3,1302,True,0.63,sky
23589,,10.417631,-75.551167,,17.2,seed_1,False,,,,,,,,,,,17.2,1316,True,0.9,depth
23583,,10.417524,-75.550721,,17.1,seed_1,False,,,,,,,,,,,17.1,1321,True,0.73,depth
23580,,10.417642,-75.551061,,17.1,seed_1,False,,,,,,,,,,,17.1,1321,True,0.73,depth
23568,,10.417133,-75.549899,,57.8,seed_1,False,,,,,,,,,,,57.8,1325,False,0.6,sky
23577,,10.417812,-75.551424,,13.9,seed_1,False,,,,,,,,,,,13.9,1326,True,0.67,depth
23573,,10.41765,-75.550809,,13.9,seed_1,False,,,,,,,,,,,13.9,1329,True,0.68,depth
23163,Centro Comercial Pierino Gallo,10.39687,-75.563335,6.0,39.0,seed_1,False,,,,,,,,,,,39.0,1330,False,0.56,sky
23584,,10.418054,-75.551602,,13.5,seed_1,False,,,,,,,,,,,13.5,1350,True,0.71,other
5448,,10.419968,-75.550989,,10.3,seed_1,False,,,,,,,,,,,10.3,1541,True,0.71,depth
64,Centro de Convenciones Cartagena de Indias Julio César Turbay Ayala,10.420501,-75.549008,,47.5,seed_1,False,,,,,,,,,,,47.5,1662,False,0.5,sky
9442,,10.419993,-75.547821,,55.8,seed_1,False,,,,,,,,,,,55.8,1695,False,0.29,sky
23950,,10.421702,-75.551676,9.6,11.3,seed_1,False,,,,,,,,,,,11.3,1724,True,0.72,depth
23952,,10.421517,-75.551125,12.8,15.3,seed_1,False,,,,,,,,,,,15.3,1724,True,0.8,depth
1939,,10.422187,-75.552128,,19.2,seed_1,False,,,,,,,,,,,19.2,1746,True,0.86,depth
12250,Centro Comercial Getsemaní,10.42089,-75.548088,,60.9,seed_1,False,,,,,,,,,,,60.9,1772,False,0.55,sky
6556,,10.419284,-75.544926,,53.0,seed_1,False,,,,,,,,,,,53.0,1828,False,0.33,sky
6180,,10.421817,-75.545966,,44.8,seed_1,False,,,,,,,,,,,44.8,1933,False,0.31,sky
