key,feature_id,name,osm_tag_m,osm_height_source,streetview_m,streetview_source,sv_n_views,sv_n_seeds,sv_seed_disagreement_m,photo_m,photo_n_photos,photo_spread_m,truth_status,truth_m,survey_m,tiles_m,centroid_lat,centroid_lon,area_m2
0cf8430858c31199,b14551,b14551,41.6,osm_levels,42.5,geometric,5,2,86.1,,,,confirmed,38.7,38.46,38.95,25.775856,-80.188203,610
d7e5e763c5f86480,b13012,b13012,16.0,osm_levels,3.8,geometric,5,2,6.3,,,,disputed,,25.78,32.32,25.772191,-80.185884,10809
fefc8342248253ce,b10487,Comfort Station CS1,,default,112.1,geometric,4,2,231.7,,,,confirmed,6.44,5.72,7.15,25.766973,-80.160616,86
9d525700e6fa9e56,b10591,b10591,,default,80.5,geometric,4,2,80.3,,,,confirmed,61.12,59.25,63.0,25.767144,-80.184574,127
9ec5e53dc5c032a5,b10541,b10541,,default,51.7,geometric,4,2,73.6,,,,confirmed,14.29,12.81,15.76,25.767054,-80.184864,1407
323728966e775373,b10661,b10661,,default,40.7,geometric,4,2,58.7,,,,confirmed,19.22,18.48,19.96,25.76732,-80.183488,982
bcbc17ddf26e8964,b16557,b16557,,default,199.4,geometric,3,2,81.8,,,,confirmed,11.31,10.46,12.16,25.780015,-80.163872,971
fdec0df536137b6f,b16596,Cruise Terminal V,,default,20.6,geometric,3,2,22.3,,,,disputed,,12.94,21.5,25.780163,-80.180144,10671
2bcb0c524f1e860d,b12632,b12632,19.2,osm_levels,7.8,geometric,3,2,13.7,,,,confirmed,25.05,24.5,25.6,25.771302,-80.186789,957
faf0e077174ebba1,b14037,b14037,,default,2.2,geometric,3,2,4.0,,,,confirmed,7.46,6.35,8.58,25.774912,-80.1856,47
f11ef2dca4eb182c,b12873,b12873,,default,278.8,geometric,2,2,29.3,,,,confirmed,3.54,3.46,3.61,25.771869,-80.168355,87
bd5e95e394672da9,b1956,b1956,,default,172.5,geometric,2,2,143.1,,,,confirmed,4.24,3.47,5.0,25.746619,-80.174357,102
323cce044149c6f0,b2305,b2305,,default,143.1,geometric,2,2,79.6,,,,confirmed,14.1,13.39,14.8,25.747863,-80.175588,1743
1354fd6362f4dd95,b15082,b15082,,default,113.8,geometric,2,2,131.7,,,,confirmed,6.7,6.26,7.13,25.776887,-80.170504,144
e6748d3b1aa82964,b13994,Marshalls,,default,78.5,geometric,2,2,128.4,,,,confirmed,13.55,13.24,13.86,25.774836,-80.189321,9685
6296e6e74aebbd57,b15640,b15640,,default,21.4,geometric,2,2,42.3,,,,tiles_only,6.22,,6.22,25.778044,-80.184189,29
8770d842d4d8b95c,b20388,b20388,,default,29.2,geometric,4,1,0.0,,,,tiles_only,36.48,,36.48,25.790737,-80.206428,7802
8c09b9d81320caff,b19123,b19123,,default,25.6,geometric,4,1,0.0,,,,tiles_only,17.75,,17.75,25.787279,-80.199643,2434
af6ec24590cee975,b20685,b20685,,default,18.2,geometric,4,1,0.0,,,,tiles_only,23.27,,23.27,25.791324,-80.201365,1669
298a0d7e56b9492f,b20259,b20259,,default,12.7,geometric,4,1,0.0,,,,tiles_only,8.47,,8.47,25.79045,-80.203367,305
0adf2f34c331d2e9,b19951,b19951,,default,10.5,geometric,4,1,0.0,,,,tiles_only,6.92,,6.92,25.789803,-80.202121,383
f3a1918d0436f6c8,b18674,b18674,,default,10.4,geometric,4,1,0.0,,,,tiles_only,14.47,,14.47,25.785643,-80.204364,17988
3a5d2d02f4148936,b19009,b19009,,default,6.8,geometric,4,1,0.0,,,,tiles_only,3.51,,3.51,25.78692,-80.201831,70
fb40ce13fe0c821e,b17775,b17775,,default,296.8,geometric,3,1,0.0,,,,confirmed,165.28,164.54,166.02,25.782654,-80.18998,542
c31f1f2658c2f995,b15809,b15809,,default,244.4,geometric,3,1,0.0,,,,disputed,,14.68,9.92,25.778375,-80.188975,615
ea5c8573c1ebd561,b14297,b14297,,default,244.3,geometric,3,1,0.0,,,,confirmed,9.99,11.42,8.56,25.775367,-80.190077,400
6c4c6a83a1e8ea68,b15339,Waldord Astoria Hotel & Residences,,default,177.2,geometric,3,1,0.0,,,,disputed,,9.72,67.1,25.777463,-80.188943,3904
cf7400e0e28bb3ae,b14891,Vizcayne South Tower,160.0,osm_levels,142.1,geometric,3,1,0.0,,,,confirmed,168.06,168.36,167.76,25.776504,-80.189085,1310
8342b5d9cfe2d74a,b15807,b15807,,default,131.2,geometric,3,1,0.0,,,,disputed,,11.61,15.06,25.778372,-80.187196,1165
f00aa457833303d6,b16224,Parking Garage,,default,130.5,geometric,3,1,0.0,,,,confirmed,11.93,12.05,11.8,25.779162,-80.187529,11194
ffa122c8c847ec7d,b14979,b14979,,default,128.5,geometric,3,1,0.0,,,,confirmed,41.34,41.28,41.41,25.776686,-80.188905,8478
e04f5759d62f4db2,b15639,b15639,,default,110.7,geometric,3,1,0.0,,,,disputed,,19.14,22.28,25.778044,-80.18712,671
fafc5efa49e8b1ae,b14698,YVE Hotel Miami,57.6,osm_levels,93.2,geometric,3,1,0.0,,,,confirmed,59.45,60.49,58.4,25.776069,-80.188254,817
feff2b28370eebaf,b19410,b19410,,default,87.4,geometric,3,1,0.0,,,,tiles_only,7.07,,7.07,25.788432,-80.196874,610
c9edd57d31db1cb9,b13844,Cruise Terminal J,,default,81.2,geometric,3,1,0.0,,,,disputed,,14.08,17.6,25.774547,-80.177488,3126
87ba066636c02a8b,b15252,Downtown Miami Charter School,,default,75.2,geometric,3,1,0.0,,,,tiles_only,9.96,,9.96,25.777279,-80.199186,2036
caf1781ce97314e4,b11079,b11079,,default,75.1,geometric,3,1,0.0,,,,confirmed,47.1,45.26,48.94,25.768192,-80.184355,81
d6ed08d61dd1e9dc,b18838,b18838,,default,74.5,geometric,3,1,0.0,,,,tiles_only,11.07,,11.07,25.786308,-80.209778,271
49380e9ae7ebf03a,b19881,b19881,,default,73.2,geometric,3,1,0.0,,,,tiles_only,9.47,,9.47,25.789675,-80.19809,472
d0981b8115bbd6dd,b19613,b19613,,default,69.7,geometric,3,1,0.0,,,,tiles_only,8.9,,8.9,25.788974,-80.197258,250
bd25d1ee41c1e42d,b14533,Garage K,,default,69.4,geometric,3,1,0.0,,,,disputed,,2.18,38.6,25.775792,-80.176555,6526
f89a2184c09fe193,b19378,b19378,,default,68.9,geometric,3,1,0.0,,,,tiles_only,4.59,,4.59,25.788324,-80.19775,446
9f53d4d0fe220258,b19799,b19799,,default,68.4,geometric,3,1,0.0,,,,tiles_only,9.1,,9.1,25.789447,-80.198087,205
d3ee26f4529a9756,b11380,b11380,,default,65.1,geometric,3,1,0.0,,,,confirmed,121.53,120.78,122.28,25.768784,-80.18331,129
7abdc27da14a8692,b19363,b19363,,default,63.3,geometric,3,1,0.0,,,,tiles_only,3.93,,3.93,25.788285,-80.198041,114
14258c92f786693e,b19606,Mt. Olivette,,default,62.7,geometric,3,1,0.0,,,,tiles_only,8.83,,8.83,25.78896,-80.197761,592
0fceacf5bc3712e6,b14560,b14560,,default,62.6,geometric,3,1,0.0,,,,confirmed,38.33,37.75,38.9,25.775884,-80.188476,354
49a2639551756205,b19448,b19448,,default,60.4,geometric,3,1,0.0,,,,tiles_only,6.6,,6.6,25.788524,-80.197709,131
632f493e19a5d8d3,b14401,100 Biscayne,99.2,osm_levels,59.8,geometric,3,1,0.0,,,,confirmed,106.37,107.67,105.06,25.775563,-80.188133,1069
6700f52811783a5c,b19718,b19718,,default,59.1,geometric,3,1,0.0,,,,tiles_only,6.76,,6.76,25.78929,-80.19903,159
e24850b1509f2980,b13951,b13951,,default,58.3,geometric,3,1,0.0,,,,confirmed,6.61,6.05,7.17,25.77476,-80.178254,235
1edf6fe2e6e84097,b14666,b14666,,default,58.0,geometric,3,1,0.0,,,,confirmed,17.38,17.11,17.66,25.776012,-80.188966,1472
eb0ce728443df3e6,b19898,b19898,,default,57.5,geometric,3,1,0.0,,,,tiles_only,4.05,,4.05,25.789701,-80.198548,191
6704948ea707ac37,b19340,Griffin Cancer Research Center,,default,56.3,geometric,3,1,0.0,,,,tiles_only,64.15,,64.15,25.788209,-80.210543,2389
977fd7467a49d7a4,b19737,b19737,,default,52.8,geometric,3,1,0.0,,,,tiles_only,6.23,,6.23,25.789333,-80.199186,194
7307e6bc7e66a5f5,b21524,b21524,,default,51.3,geometric,3,1,0.0,,,,tiles_only,15.18,,15.18,25.793486,-80.208436,2025
3833023b26cbd8ac,b22355,b22355,,default,50.0,geometric,3,1,0.0,,,,tiles_only,7.39,,7.39,25.796627,-80.208772,2444
4f665b025a50693f,b22330,b22330,,default,49.2,geometric,3,1,0.0,,,,tiles_only,5.64,,5.64,25.796477,-80.208223,1230
23729d4f65004b9d,b19916,National Parkinson Foundation,,default,49.2,geometric,3,1,0.0,,,,tiles_only,15.56,,15.56,25.789739,-80.209921,1309
00d6f669ff24f86f,b21242,b21242,,default,48.4,geometric,3,1,0.0,,,,tiles_only,38.57,,38.57,25.792761,-80.20801,1150
1101a401e70779ee,b20704,b20704,,default,47.0,geometric,3,1,0.0,,,,tiles_only,9.16,,9.16,25.791365,-80.19983,954
f16dfb9d1e4c4061,b14195,b14195,,default,46.6,geometric,3,1,0.0,,,,disputed,,28.22,31.48,25.775189,-80.178443,2508
d01bd4bb661c18d9,b14473,b14473,,default,46.4,geometric,3,1,0.0,,,,disputed,,9.08,14.75,25.775696,-80.188406,541
b293b1bffc024d4d,b20448,b20448,,default,46.1,geometric,3,1,0.0,,,,tiles_only,7.17,,7.17,25.790828,-80.199787,367
99b2cb8be377b8ae,b22214,b22214,,default,46.1,geometric,3,1,0.0,,,,tiles_only,7.25,,7.25,25.795866,-80.207783,1459
8507126dc91fb3cb,b22146,b22146,,default,44.0,geometric,3,1,0.0,,,,tiles_only,5.84,,5.84,25.795513,-80.208153,765
7227fb0788872327,b20059,b20059,,default,42.7,geometric,3,1,0.0,,,,tiles_only,10.16,,10.16,25.790047,-80.199536,156
5b67864f3300903a,b17981,b17981,,default,42.0,geometric,3,1,0.0,,,,tiles_only,6.52,,6.52,25.783244,-80.201848,929
68256f07aff34200,b15596,b15596,,default,40.6,geometric,3,1,0.0,,,,confirmed,12.51,11.74,13.28,25.777914,-80.173758,2023
b57c0e94f9a418a4,b20160,b20160,,default,40.5,geometric,3,1,0.0,,,,tiles_only,6.88,,6.88,25.790267,-80.20764,244
8e617075fd7eef63,b21147,b21147,,default,39.4,geometric,3,1,0.0,,,,tiles_only,0.89,,0.89,25.792547,-80.207216,151
21d82294a8003b25,b19135,b19135,,default,39.2,geometric,3,1,0.0,,,,tiles_only,13.99,,13.99,25.787308,-80.208026,148
72884fe03924ab1f,b20526,b20526,,default,39.2,geometric,3,1,0.0,,,,tiles_only,7.07,,7.07,25.790966,-80.207266,1508
8a4398baf9895cd3,b19944,b19944,,default,39.1,geometric,3,1,0.0,,,,tiles_only,9.23,,9.23,25.789791,-80.208122,642
55753b3974ac1767,b18358,b18358,,default,39.1,geometric,3,1,0.0,,,,tiles_only,13.67,,13.67,25.784525,-80.207766,1843
1527cc7acc81cfcf,b20168,b20168,,default,38.6,geometric,3,1,0.0,,,,tiles_only,0.28,,0.28,25.790283,-80.207347,117
cd063b779e617b21,b14866,b14866,,default,38.5,geometric,3,1,0.0,,,,confirmed,29.84,29.64,30.05,25.77645,-80.178189,2791
794b24e799f67d49,b19703,b19703,,default,38.2,geometric,3,1,0.0,,,,tiles_only,8.94,,8.94,25.789236,-80.208116,556
ace792c3c016597d,b20014,b20014,,default,37.6,geometric,3,1,0.0,,,,tiles_only,7.83,,7.83,25.789935,-80.199828,135
9bc160043449296a,b20050,b20050,,default,37.1,geometric,3,1,0.0,,,,tiles_only,1.81,,1.81,25.790027,-80.207172,267
eea05b593808a104,b20118,b20118,,default,36.9,geometric,3,1,0.0,,,,tiles_only,0.28,,0.28,25.790164,-80.207274,137
d6b7d05ed05418dd,b20245,b20245,,default,36.8,geometric,3,1,0.0,,,,tiles_only,0.19,,0.19,25.790416,-80.207205,327
cb76aea8ef352e58,b19752,b19752,,default,36.5,geometric,3,1,0.0,,,,tiles_only,3.93,,3.93,25.789369,-80.207294,112
c6576dac566bfe77,b22201,b22201,,default,36.4,geometric,3,1,0.0,,,,tiles_only,8.7,,8.7,25.795802,-80.206659,1452
7a8f7c3630db99ae,b19922,b19922,,default,36.0,geometric,3,1,0.0,,,,tiles_only,21.55,,21.55,25.789752,-80.199335,1811
85e481ac9c8aa1f0,b21937,University of Miami Life Science & Technology Park,,default,34.5,geometric,3,1,0.0,,,,tiles_only,37.0,,37.0,25.794681,-80.206436,6905
1d69f1061cbe5f1f,b19190,b19190,,default,34.2,geometric,3,1,0.0,,,,tiles_only,4.75,,4.75,25.787642,-80.207173,330
d31ca6264e8db0dc,b18260,b18260,,default,33.2,geometric,3,1,0.0,,,,tiles_only,6.49,,6.49,25.784145,-80.203735,499
9cfec31291cd9315,b20056,b20056,,default,32.5,geometric,3,1,0.0,,,,tiles_only,7.01,,7.01,25.790035,-80.200836,502
b8c7a5c1c2628450,b19977,b19977,,default,32.2,geometric,3,1,0.0,,,,tiles_only,2.47,,2.47,25.789857,-80.206588,63
8895150cbdc06ed2,b19341,b19341,,default,31.7,geometric,3,1,0.0,,,,tiles_only,16.0,,16.0,25.788215,-80.206472,1597
41149c20e7384173,b19822,b19822,,default,31.4,geometric,3,1,0.0,,,,tiles_only,16.96,,16.96,25.789515,-80.206717,555
2d20a194093925de,b19024,b19024,,default,30.8,geometric,3,1,0.0,,,,tiles_only,5.39,,5.39,25.786978,-80.207165,1009
8a760f627aebdc88,b20896,b20896,,default,29.9,geometric,3,1,0.0,,,,tiles_only,14.22,,14.22,25.791876,-80.200855,2372
d0fbb322470fbd92,b18288,Historic Black Police Precinct Courthouse and Museum,,default,29.9,geometric,3,1,0.0,,,,tiles_only,8.63,,8.63,25.784253,-80.202778,500
399cbcfb7fafb032,b14566,b14566,,default,29.8,geometric,3,1,0.0,,,,disputed,,7.26,31.47,25.775894,-80.179304,4479
1ac9c56a237643c7,b17811,b17811,,default,29.8,geometric,3,1,0.0,,,,tiles_only,26.55,,26.55,25.782775,-80.205092,2011
451b85ee653b4ada,b15162,b15162,,default,29.5,geometric,3,1,0.0,,,,disputed,,7.08,18.22,25.777086,-80.179391,6305
dd29cf08ceed4ba6,b18887,b18887,,default,29.2,geometric,3,1,0.0,,,,tiles_only,10.5,,10.5,25.786478,-80.199438,401
83c57baf87829dba,b20874,b20874,,default,28.5,geometric,3,1,0.0,,,,tiles_only,7.92,,7.92,25.791834,-80.205871,256
6d49f8a9f2306308,b17842,b17842,,default,27.6,geometric,3,1,0.0,,,,tiles_only,6.82,,6.82,25.782859,-80.202257,819
f37d57dcab6cf25f,b19852,b19852,,default,26.7,geometric,3,1,0.0,,,,tiles_only,7.64,,7.64,25.789601,-80.200491,3034
a4b41886b9f83fc0,b20608,b20608,,default,26.7,geometric,3,1,0.0,,,,tiles_only,6.75,,6.75,25.791174,-80.200939,631
05986d20f142914b,b20334,b20334,,default,26.2,geometric,3,1,0.0,,,,tiles_only,7.89,,7.89,25.790614,-80.200818,2807
c0838d8b4b574235,b19016,Lil Greenhouse Grill,,default,25.2,geometric,3,1,0.0,,,,tiles_only,6.74,,6.74,25.786953,-80.200027,202
3364b164efdf4f38,b18377,b18377,,default,24.5,geometric,3,1,0.0,,,,tiles_only,5.99,,5.99,25.784596,-80.205231,1768
ece881445a672b0d,b18813,b18813,,default,21.9,geometric,3,1,0.0,,,,tiles_only,39.88,,39.88,25.786181,-80.199428,2404
af2ef6b000e139cc,b19198,b19198,,default,20.9,geometric,3,1,0.0,,,,tiles_only,14.48,,14.48,25.787684,-80.200396,3045
6b18570895e90cad,b19097,b19097,,default,18.6,geometric,3,1,0.0,,,,tiles_only,12.08,,12.08,25.787199,-80.200333,1344
190c806a1b61f934,b20721,b20721,,default,17.6,geometric,3,1,0.0,,,,tiles_only,8.38,,8.38,25.7914,-80.203685,401
d541499f0ac4da5a,b19966,b19966,,default,17.4,geometric,3,1,0.0,,,,tiles_only,6.63,,6.63,25.789836,-80.19854,252
0bb662001050745c,b18262,b18262,,default,14.7,geometric,3,1,0.0,,,,tiles_only,6.88,,6.88,25.784163,-80.20495,639
16fab309c5a328e4,b18261,b18261,,default,14.5,geometric,3,1,0.0,,,,tiles_only,6.38,,6.38,25.784161,-80.20412,480
f89f3eb67b89bf53,b18178,b18178,,default,14.0,geometric,3,1,0.0,,,,tiles_only,8.49,,8.49,25.783804,-80.202593,2581
d98f79bf722ffdee,b20154,b20154,,default,13.3,geometric,3,1,0.0,,,,tiles_only,6.67,,6.67,25.790256,-80.203305,77
d59137084350e290,b19725,b19725,,default,13.2,geometric,3,1,0.0,,,,tiles_only,6.79,,6.79,25.789309,-80.199809,450
35b4c9003bb468f4,b19176,b19176,,default,12.6,geometric,3,1,0.0,,,,tiles_only,13.57,,13.57,25.7876,-80.200996,518
81dc6edeb6c6907c,b19653,b19653,,default,12.6,geometric,3,1,0.0,,,,tiles_only,10.59,,10.59,25.789102,-80.199649,80
322c73ea268b6f06,b18292,b18292,,default,12.4,geometric,3,1,0.0,,,,tiles_only,2.4,,2.4,25.78427,-80.201557,47
0774bb5f198393cd,b20028,b20028,,default,11.7,geometric,3,1,0.0,,,,tiles_only,6.71,,6.71,25.789966,-80.201844,389
97883cb38ed006ef,b20221,b20221,,default,11.5,geometric,3,1,0.0,,,,tiles_only,8.27,,8.27,25.790365,-80.203058,384
a6478951c450ef35,b20415,b20415,,default,10.7,geometric,3,1,0.0,,,,tiles_only,7.94,,7.94,25.790768,-80.202909,475
c14bd6bbb8886d0a,b18827,b18827,,default,9.4,geometric,3,1,0.0,,,,tiles_only,7.72,,7.72,25.78624,-80.201248,727
330dfed7f6de4b12,b20228,b20228,,default,8.9,geometric,3,1,0.0,,,,tiles_only,8.04,,8.04,25.790375,-80.202338,359
f8a06bf3ca894658,b20053,b20053,,default,8.7,geometric,3,1,0.0,,,,tiles_only,7.39,,7.39,25.790032,-80.202544,658
302419000835d887,b18428,b18428,,default,8.5,geometric,3,1,0.0,,,,tiles_only,4.45,,4.45,25.784831,-80.20077,83
16eeb8e1842fa22e,b18300,b18300,,default,8.5,geometric,3,1,0.0,,,,tiles_only,11.85,,11.85,25.784307,-80.200812,242
6cf62f4b0d41764f,b18899,b18899,,default,7.4,geometric,3,1,0.0,,,,tiles_only,11.32,,11.32,25.786521,-80.201213,1915
aae8aa1ebfe58261,b18934,b18934,,default,4.4,geometric,3,1,0.0,,,,tiles_only,5.38,,5.38,25.786646,-80.20189,35
cdf59c7af14ff30e,b13933,b13933,,default,262.6,geometric,2,1,0.0,,,,confirmed,38.51,38.54,38.48,25.774717,-80.191488,6689
71b1d2161a50b284,b16585,b16585,,default,262.3,geometric,2,1,0.0,,,,confirmed,10.8,10.13,11.46,25.780125,-80.1636,360
0030516aaa95a63a,b12988,b12988,,default,257.3,geometric,2,1,0.0,,,,confirmed,6.44,6.32,6.56,25.77215,-80.168882,1071
bcc9b0f051be85b1,b16580,b16580,,default,252.9,geometric,2,1,0.0,,,,confirmed,11.89,11.06,12.72,25.78011,-80.164159,933
1fc23614feeeb214,b14394,b14394,,default,250.9,geometric,2,1,0.0,,,,confirmed,70.72,70.8,70.65,25.775546,-80.190106,663
2dc0b1fb7e6af4f3,b16441,b16441,,default,248.0,geometric,2,1,0.0,,,,confirmed,6.25,5.55,6.96,25.779666,-80.164068,138
b16fddace39033fb,b13940,b13940,,default,248.0,geometric,2,1,0.0,,,,confirmed,19.94,19.78,20.09,25.774733,-80.191012,1747
197df875d925c7ea,b14093,b14093,,default,246.5,geometric,2,1,0.0,,,,confirmed,25.06,24.95,25.17,25.775003,-80.190658,1631
38c3b0ba2f323af4,b16552,b16552,,default,243.6,geometric,2,1,0.0,,,,confirmed,9.69,9.17,10.21,25.780002,-80.163201,288
17d5068a53a6d635,b13972,b13972,,default,229.2,geometric,2,1,0.0,,,,confirmed,8.57,8.37,8.77,25.7748,-80.190651,752
a8359b56385f96de,b13223,Shed G,,default,217.1,geometric,2,1,0.0,,,,confirmed,10.25,9.92,10.57,25.772917,-80.170762,16565
b9650354eccd4091,b14258,Shed B,,default,212.0,geometric,2,1,0.0,,,,confirmed,17.38,16.7,18.05,25.775287,-80.16755,17628
45787e4a79da98e7,b13931,b13931,,default,211.0,geometric,2,1,0.0,,,,confirmed,9.89,9.44,10.35,25.774713,-80.168857,2740
74e366a83f42d33f,b17466,b17466,,default,190.8,geometric,2,1,0.0,,,,confirmed,8.52,8.27,8.78,25.781857,-80.167478,99
bd46c3a9ca87a664,b15133,Vizcayne North Tower,160.0,osm_levels,166.3,geometric,2,1,0.0,,,,confirmed,168.18,168.54,167.81,25.776987,-80.188656,1218
5b135a64932791fe,b13538,b13538,,default,138.6,geometric,2,1,0.0,,,,confirmed,16.31,15.77,16.85,25.773879,-80.189389,4002
8bdf721a603c85a6,b14024,Seaport / Port of Miami Fire Department Station 39,,default,138.3,geometric,2,1,0.0,,,,confirmed,6.97,6.53,7.42,25.77489,-80.169658,671
ac877904bfe4c6b7,b16437,b16437,,default,134.7,geometric,2,1,0.0,,,,confirmed,10.94,10.14,11.74,25.779659,-80.163409,557
f08b38b661e6435f,b16156,b16156,,default,130.3,geometric,2,1,0.0,,,,confirmed,15.48,14.44,16.52,25.779045,-80.186806,3193
b07808ed42e0e0b1,b14457,Garage D,,default,128.2,geometric,2,1,0.0,,,,confirmed,11.38,11.7,11.07,25.775674,-80.171039,5773
351dcfd24edc5093,b15124,b15124,,default,121.9,geometric,2,1,0.0,,,,confirmed,7.57,6.9,8.23,25.776955,-80.171262,516
fae00de7226f5a98,b16402,b16402,,default,118.5,geometric,2,1,0.0,,,,confirmed,11.7,11.4,12.0,25.779585,-80.163109,902
0a1499f7c1b17afe,b14425,b14425,,default,117.0,geometric,2,1,0.0,,,,confirmed,8.12,7.91,8.33,25.775605,-80.173633,429
d283261327ab5059,b15732,b15732,,default,115.9,geometric,2,1,0.0,,,,confirmed,12.55,11.38,13.71,25.778224,-80.186642,171
f9030dea46d60de6,b15593,b15593,,default,115.4,geometric,2,1,0.0,,,,tiles_only,9.89,,9.89,25.777905,-80.186245,94
d25a940be43fd723,b15545,b15545,,default,108.3,geometric,2,1,0.0,,,,disputed,,14.45,1.58,25.777829,-80.186955,126
b45780eec7ec9d43,b15508,b15508,,default,105.4,geometric,2,1,0.0,,,,confirmed,2.58,3.33,1.82,25.777763,-80.186825,38
98591ff2ab7d0659,b19486,Karu & Y,,default,94.8,geometric,2,1,0.0,,,,confirmed,7.17,6.32,8.01,25.788618,-80.195847,1739
e7e97815c5909e67,b15513,b15513,,default,92.7,geometric,2,1,0.0,,,,tiles_only,11.66,,11.66,25.777777,-80.186537,1813
c715c27d4b60ef5f,b19675,b19675,,default,85.4,geometric,2,1,0.0,,,,tiles_only,9.76,,9.76,25.789166,-80.196834,308
78aafde373bbd61f,b19912,b19912,,default,76.8,geometric,2,1,0.0,,,,confirmed,7.43,7.06,7.81,25.789728,-80.178345,247
b7b89d2523695301,b15185,Bayside Marketplace,,default,67.5,geometric,2,1,0.0,,,,tiles_only,17.39,,17.39,25.777137,-80.185508,2957
0cef63c190dc2236,b11633,One Tequesta Point,99.2,osm_levels,64.6,geometric,2,1,0.0,,,,confirmed,95.18,94.14,96.22,25.769274,-80.184828,1955
5b07a1211c98de57,b17972,b17972,,default,61.3,geometric,2,1,0.0,,,,tiles_only,5.22,,5.22,25.783198,-80.208902,207
fa528318e060b792,b19640,b19640,,default,60.4,geometric,2,1,0.0,,,,tiles_only,6.49,,6.49,25.789057,-80.198086,293
8fc0a4c634ab98a7,b14205,Garage J,,default,60.2,geometric,2,1,0.0,,,,confirmed,14.06,12.61,15.51,25.775214,-80.176944,5935
e24ce5846107deee,b15634,b15634,,default,60.2,geometric,2,1,0.0,,,,confirmed,4.71,4.24,5.18,25.778024,-80.175757,464
340e4f795c572261,b19532,b19532,,default,56.6,geometric,2,1,0.0,,,,tiles_only,4.57,,4.57,25.78874,-80.198589,100
a2327ce5f112a8b3,b15582,b15582,,default,56.0,geometric,2,1,0.0,,,,confirmed,4.33,4.0,4.65,25.777888,-80.176038,156
c02520969abfbc7e,b18436,b18436,,default,52.7,geometric,2,1,0.0,,,,tiles_only,9.61,,9.61,25.784848,-80.197441,349
06eef77a2ea88546,b18998,SpringHill Suites Miami Downtown/Medical Center,,default,52.0,geometric,2,1,0.0,,,,tiles_only,25.84,,25.84,25.786869,-80.210433,2096
c7b8fb85630b1747,b18971,b18971,,default,51.0,geometric,2,1,0.0,,,,tiles_only,8.21,,8.21,25.786766,-80.197794,130
5adf732cbe223406,b18506,b18506,,default,50.4,geometric,2,1,0.0,,,,disputed,,1.79,6.41,25.78508,-80.17833,20
3a811fdb51793ba9,b20506,b20506,,default,50.1,geometric,2,1,0.0,,,,tiles_only,9.81,,9.81,25.790941,-80.196977,1186
266e4e77f903b129,b18221,b18221,,default,48.1,geometric,2,1,0.0,,,,tiles_only,5.86,,5.86,25.783911,-80.208271,129
b78511f20ee218e5,b19157,b19157,,default,48.1,geometric,2,1,0.0,,,,tiles_only,24.49,,24.49,25.787456,-80.20941,953
b827d0c2c115269a,b21600,b21600,,default,47.3,geometric,2,1,0.0,,,,tiles_only,8.06,,8.06,25.793657,-80.201511,114
ab4c53c91ba82c8f,b18752,b18752,,default,46.8,geometric,2,1,0.0,,,,tiles_only,5.98,,5.98,25.785932,-80.207117,1308
40db9a771fb732ef,b18645,b18645,,default,45.1,geometric,2,1,0.0,,,,tiles_only,3.41,,3.41,25.785537,-80.198462,137
e9a964bbd2ead82d,b20518,b20518,,default,43.8,geometric,2,1,0.0,,,,tiles_only,3.27,,3.27,25.790957,-80.208416,924
184ebd6efda649c0,b19631,b19631,,default,43.6,geometric,2,1,0.0,,,,tiles_only,5.89,,5.89,25.789034,-80.208561,238
5f042bb17554051f,b18793,b18793,,default,42.8,geometric,2,1,0.0,,,,tiles_only,7.92,,7.92,25.786083,-80.207427,96
3f3e7235a1a14614,b20643,b20643,,default,42.6,geometric,2,1,0.0,,,,tiles_only,3.08,,3.08,25.791221,-80.208408,1079
b5be37b6291a6fbb,b18796,b18796,,default,42.3,geometric,2,1,0.0,,,,tiles_only,5.12,,5.12,25.786101,-80.207589,152
e8604379b52dafdf,b14978,b14978,,default,41.9,geometric,2,1,0.0,,,,disputed,,9.69,15.79,25.776683,-80.185597,206
9c685d7fb8dd5446,b16299,b16299,,default,41.7,geometric,2,1,0.0,,,,confirmed,16.2,15.54,16.86,25.779304,-80.175921,39
69b90a67af02895c,b18820,b18820,,default,40.9,geometric,2,1,0.0,,,,tiles_only,5.18,,5.18,25.786211,-80.207551,149
1706e9516bfa3eb8,b18179,b18179,,default,40.2,geometric,2,1,0.0,,,,tiles_only,38.89,,38.89,25.783807,-80.208767,2247
f031526729766cd3,b16263,b16263,,default,39.8,geometric,2,1,0.0,,,,confirmed,15.96,14.84,17.07,25.779234,-80.176127,30
5b5468c73123ea32,b19992,b19992,,default,38.8,geometric,2,1,0.0,,,,tiles_only,8.68,,8.68,25.789884,-80.207205,416
9c8b8dade84a5a9d,b22345,b22345,,default,38.6,geometric,2,1,0.0,,,,tiles_only,7.55,,7.55,25.796553,-80.206733,3822
26381ee22730e01f,b18538,b18538,,default,37.6,geometric,2,1,0.0,,,,tiles_only,39.02,,39.02,25.785184,-80.20708,1242
cf96bac0e0bdaed0,b18890,b18890,,default,34.9,geometric,2,1,0.0,,,,tiles_only,10.5,,10.5,25.786487,-80.199051,540
1e4e7a28290f437e,b18248,b18248,,default,34.3,geometric,2,1,0.0,,,,tiles_only,6.98,,6.98,25.784096,-80.206354,515
0119005293cc8523,b21550,b21550,,default,34.3,geometric,2,1,0.0,,,,tiles_only,6.08,,6.08,25.793528,-80.207253,1833
0c5bf11917430788,b18892,b18892,,default,34.0,geometric,2,1,0.0,,,,tiles_only,7.59,,7.59,25.786503,-80.207387,111
2d963643b940cd6f,b14770,FPL Solar Amphitheater at Bayfront Park,,default,32.8,geometric,2,1,0.0,,,,confirmed,14.68,14.37,14.98,25.776205,-80.18606,423
e647049a0fa4c41a,b15443,b15443,,default,32.6,geometric,2,1,0.0,,,,confirmed,4.79,4.0,5.59,25.77766,-80.175281,106
553f61d73f23485e,b17840,b17840,,default,31.8,geometric,2,1,0.0,,,,tiles_only,3.44,,3.44,25.782857,-80.203809,14
0334f34e3219d427,b20873,b20873,,default,30.5,geometric,2,1,0.0,,,,tiles_only,7.77,,7.77,25.791834,-80.205975,226
e8eda3f32969e64c,b18589,b18589,,default,29.4,geometric,2,1,0.0,,,,tiles_only,7.33,,7.33,25.785373,-80.199628,156
81c264d21ae6da65,b18254,b18254,,default,28.4,geometric,2,1,0.0,,,,tiles_only,7.08,,7.08,25.784125,-80.20532,495
b5b706278929a780,b18160,b18160,,default,27.5,geometric,2,1,0.0,,,,tiles_only,6.98,,6.98,25.783753,-80.205034,541
52f32eaafae1ca42,b17843,b17843,,default,27.3,geometric,2,1,0.0,,,,tiles_only,6.26,,6.26,25.78286,-80.20261,235
a94e843d48984c35,b14730,b14730,,default,27.0,geometric,2,1,0.0,,,,confirmed,8.33,8.17,8.49,25.776121,-80.185965,71
4c7113ac9244ac1b,b22145,b22145,,default,26.7,geometric,2,1,0.0,,,,tiles_only,8.72,,8.72,25.795512,-80.207273,188
7eafaee72be122c5,b17945,b17945,,default,24.8,geometric,2,1,0.0,,,,tiles_only,5.73,,5.73,25.783136,-80.205013,866
9ca539619e6d8c8c,b18524,b18524,,default,23.1,geometric,2,1,0.0,,,,tiles_only,9.45,,9.45,25.785143,-80.1996,467
1e097ee17378490f,b18259,b18259,,default,22.1,geometric,2,1,0.0,,,,tiles_only,6.77,,6.77,25.784143,-80.205945,383
28dea9511e8f464f,b11060,b11060,,default,21.3,geometric,2,1,0.0,,,,confirmed,49.32,47.55,51.09,25.76816,-80.184342,69
cd77f2a80afa3999,b20918,b20918,,default,20.1,geometric,2,1,0.0,,,,tiles_only,6.57,,6.57,25.791949,-80.203809,268
8700eaaecba331b3,b18836,b18836,,default,20.0,geometric,2,1,0.0,,,,tiles_only,11.96,,11.96,25.786305,-80.20544,4174
b7e53750fac7d4af,b18256,b18256,,default,19.9,geometric,2,1,0.0,,,,tiles_only,6.28,,6.28,25.784127,-80.204502,570
49a9739d45911fdf,b18860,b18860,,default,19.7,geometric,2,1,0.0,,,,tiles_only,3.28,,3.28,25.786391,-80.20055,54
5cdecab6074b9d3d,b20258,b20258,,default,19.1,geometric,2,1,0.0,,,,tiles_only,4.29,,4.29,25.790441,-80.202477,37
db5c8c3e1e21cf3a,b20577,b20577,,default,16.2,geometric,2,1,0.0,,,,tiles_only,8.64,,8.64,25.791126,-80.203692,505
e7157257c1884eb8,b20407,b20407,,default,15.5,geometric,2,1,0.0,,,,tiles_only,8.55,,8.55,25.790754,-80.203579,416
8f380401987d6b0e,b10077,b10077,,default,15.3,geometric,2,1,0.0,,,,disputed,,12.56,16.51,25.765706,-80.184212,3630
fc3ce51db7f3e7a5,b18605,Frederick Douglas Head Start,,default,15.1,geometric,2,1,0.0,,,,tiles_only,9.91,,9.91,25.785409,-80.200101,1899
a3864c2ce3affd28,b18925,b18925,,default,15.1,geometric,2,1,0.0,,,,tiles_only,6.32,,6.32,25.786611,-80.20067,417
05d7562ff1265e5b,b18180,b18180,,default,14.8,geometric,2,1,0.0,,,,tiles_only,12.67,,12.67,25.783809,-80.203316,470
fdb618bba6cdf068,b10544,b10544,,default,14.7,geometric,2,1,0.0,,,,confirmed,67.95,66.83,69.08,25.767062,-80.18429,1863
5067bf0b73720daa,b18316,b18316,,default,14.3,geometric,2,1,0.0,,,,tiles_only,8.61,,8.61,25.784363,-80.200664,179
763cbe65a1d807d7,b20420,b20420,,default,13.8,geometric,2,1,0.0,,,,tiles_only,8.05,,8.05,25.790772,-80.202136,474
9d638ef5990986a7,b10758,b10758,,default,12.7,geometric,2,1,0.0,,,,disputed,,17.12,20.46,25.767522,-80.185914,7029
c473a1e9b86f6cd4,b16254,Garage G,,default,12.6,geometric,2,1,0.0,,,,confirmed,13.91,13.2,14.62,25.779224,-80.179264,14044
7eb0d671504efaae,b18590,b18590,,default,12.5,geometric,2,1,0.0,,,,unmeasured,,,,25.785374,-80.201132,14
0767a7f3ba0cfe49,b10218,b10218,,default,12.3,geometric,2,1,0.0,,,,disputed,,12.28,16.28,25.76629,-80.183934,1861
92a07094465924aa,b18886,b18886,,default,12.1,geometric,2,1,0.0,,,,tiles_only,9.65,,9.65,25.786475,-80.203742,258
804f45268eac8e2e,b10474,b10474,,default,11.9,geometric,2,1,0.0,,,,confirmed,37.02,35.64,38.39,25.766953,-80.183525,172
164682c32cda3cd6,b18968,b18968,,default,8.8,geometric,2,1,0.0,,,,tiles_only,3.43,,3.43,25.786756,-80.201697,40
7cf0c2e61c025edc,b12585,b12585,28.8,osm_levels,7.9,geometric,2,1,0.0,,,,confirmed,43.11,42.47,43.74,25.771238,-80.188507,2085
5748c0c8fe1d47f4,b12688,b12688,38.4,osm_levels,7.6,geometric,2,1,0.0,,,,disputed,,52.17,46.65,25.771425,-80.18783,1776
9b5e6313932d3c3f,b15911,b15911,,default,7.2,geometric,2,1,0.0,,,,confirmed,7.43,7.24,7.61,25.778568,-80.177882,1031
300c46128e82a02a,b15362,b15362,,default,6.5,geometric,2,1,0.0,,,,confirmed,10.03,8.88,11.18,25.777516,-80.180154,4899
efc63af111a21da0,b13503,b13503,,default,280.7,geometric,1,1,0.0,,,,confirmed,11.32,11.56,11.09,25.773772,-80.192139,2065
47f9460d2a94dd49,b17300,b17300,,default,269.5,geometric,1,1,0.0,,,,disputed,,1.85,45.64,25.781521,-80.191088,6182
c5d09d764397776a,b15801,Building 2000,,default,266.7,geometric,1,1,0.0,,,,confirmed,19.25,19.56,18.94,25.778367,-80.191347,4827
41f0ae68bcb656c9,b13088,b13088,,default,264.7,geometric,1,1,0.0,,,,confirmed,5.68,5.44,5.91,25.772377,-80.168475,916
ee714d93614beefa,b1596,b1596,,default,259.2,geometric,1,1,0.0,,,,confirmed,16.43,16.05,16.8,25.74513,-80.174162,605
c0ec174784cf3459,b15425,Building 1000,,default,244.0,geometric,1,1,0.0,,,,confirmed,34.02,33.98,34.07,25.77762,-80.190864,3902
b8b8ecbe58c4512c,b13511,b13511,,default,235.5,geometric,1,1,0.0,,,,confirmed,9.93,9.86,10.0,25.773792,-80.191598,1208
c35c5ae3e0df9c98,b17534,b17534,,default,226.8,geometric,1,1,0.0,,,,disputed,,15.33,8.67,25.782007,-80.16632,216
dd791abe5893b277,b17564,b17564,,default,225.4,geometric,1,1,0.0,,,,confirmed,7.98,7.36,8.61,25.782066,-80.166438,202
592a7a7e107f5249,b14332,b14332,,default,220.1,geometric,1,1,0.0,,,,confirmed,7.46,8.03,6.89,25.775434,-80.191395,1322
644ab6dce23075da,b17578,b17578,,default,219.1,geometric,1,1,0.0,,,,confirmed,12.46,12.07,12.85,25.782092,-80.166609,226
a20ac9677bb98b9c,b16792,b16792,,default,216.5,geometric,1,1,0.0,,,,confirmed,6.5,5.8,7.19,25.780599,-80.162746,106
988bff3c857c6229,b16764,b16764,,default,215.8,geometric,1,1,0.0,,,,confirmed,6.39,5.75,7.04,25.780521,-80.162787,104
363c3d1e157e1980,b17711,b17711,,default,212.6,geometric,1,1,0.0,,,,confirmed,10.16,9.88,10.45,25.782449,-80.166252,270
d6c00513e1524e72,b17395,b17395,,default,211.8,geometric,1,1,0.0,,,,confirmed,13.43,13.26,13.61,25.781714,-80.167384,242
59a494811a35fcea,b18046,900 Biscayne Bay,204.8,osm_levels,209.7,geometric,1,1,0.0,,,,confirmed,197.35,197.23,197.48,25.783391,-80.19016,5216
09efca0c4b0f1d96,b16652,Freedom Tower at Miami Dade College,,default,208.4,geometric,1,1,0.0,,,,confirmed,58.31,58.49,58.14,25.780291,-80.189712,1891
0ff7caab4696ffaf,b17313,b17313,,default,205.5,geometric,1,1,0.0,,,,confirmed,9.99,9.3,10.68,25.781536,-80.167826,290
339e15d4042d0c00,b17232,b17232,,default,203.3,geometric,1,1,0.0,,,,confirmed,2.41,3.09,1.73,25.781397,-80.16803,32
08965edf53bd073e,b17637,b17637,,default,201.3,geometric,1,1,0.0,,,,disputed,,10.06,6.32,25.782235,-80.16679,334
a1b877e726082295,b13579,b13579,,default,198.4,geometric,1,1,0.0,,,,confirmed,13.88,13.69,14.06,25.773969,-80.191389,1044
5eb5f40f65d0ddaf,b13586,b13586,,default,198.2,geometric,1,1,0.0,,,,confirmed,10.0,9.86,10.14,25.773981,-80.190872,652
a0968414ca666d9d,b13338,Blackmarket,,default,194.7,geometric,1,1,0.0,,,,confirmed,50.48,50.75,50.22,25.773243,-80.190444,477
bc1c5d03f48debbd,b16487,b16487,,default,194.6,geometric,1,1,0.0,,,,disputed,,3.73,8.02,25.779788,-80.16443,30
ece4041cb6a75462,b17693,b17693,,default,193.3,geometric,1,1,0.0,,,,confirmed,8.0,7.5,8.5,25.782415,-80.166079,278
3aa94e958eedc797,b17387,b17387,,default,190.5,geometric,1,1,0.0,,,,confirmed,11.11,11.08,11.14,25.781699,-80.167894,359
1ce047f7773c2c0d,b16597,b16597,,default,188.9,geometric,1,1,0.0,,,,confirmed,12.43,11.8,13.06,25.780163,-80.164504,805
6cd2be19e681e605,b16383,b16383,,default,180.8,geometric,1,1,0.0,,,,confirmed,7.92,8.32,7.51,25.779536,-80.16373,139
a74a4355ec614067,b15053,b15053,,default,167.0,geometric,1,1,0.0,,,,confirmed,9.1,8.36,9.84,25.776828,-80.170965,963
764006acc5b7c6e7,b16493,b16493,,default,164.6,geometric,1,1,0.0,,,,disputed,,0.29,11.18,25.779813,-80.162747,195
130de38e05783d11,b15030,b15030,,default,163.6,geometric,1,1,0.0,,,,confirmed,4.4,3.5,5.3,25.776779,-80.171585,51
c51f8c298fa76e1c,b16324,b16324,,default,161.5,geometric,1,1,0.0,,,,confirmed,6.97,7.29,6.65,25.779403,-80.16345,79
468911b58ec0abe7,b1332,b1332,,default,160.9,geometric,1,1,0.0,,,,confirmed,6.5,5.85,7.15,25.743867,-80.17231,204
3d5fab7de48e4a5f,b13305,b13305,,default,159.4,geometric,1,1,0.0,,,,confirmed,7.43,6.61,8.25,25.773126,-80.167452,251
204b1acf32b45e78,b13462,b13462,,default,158.6,geometric,1,1,0.0,,,,confirmed,9.26,9.39,9.13,25.773644,-80.189654,202
f3a8ec2f4189ae9a,b13580,b13580,,default,156.7,geometric,1,1,0.0,,,,confirmed,12.8,12.45,13.15,25.773969,-80.191022,455
096efb50bf2387ec,b16010,The Elser Hotel Miami,160.0,osm_levels,148.4,geometric,1,1,0.0,,,,disputed,,8.85,172.16,25.778757,-80.189208,3146
320abc8388d5166d,b19902,b19902,115.2,osm_levels,145.9,geometric,1,1,0.0,,,,disputed,,12.69,112.94,25.789705,-80.193438,1602
7b7e0a00a50c7a75,b15132,b15132,,default,145.2,geometric,1,1,0.0,,,,confirmed,168.5,169.26,167.75,25.776986,-80.18866,342
fe3690be7fe98082,b17729,b17729,,default,144.3,geometric,1,1,0.0,,,,confirmed,7.2,6.94,7.46,25.782504,-80.166407,181
2d23dcd260331f36,b17539,b17539,,default,141.9,geometric,1,1,0.0,,,,confirmed,6.77,6.59,6.95,25.78202,-80.167502,182
3667aca3043a82d9,b17487,b17487,,default,139.7,geometric,1,1,0.0,,,,confirmed,7.55,7.17,7.93,25.781895,-80.167759,135
fc440963fe07e6b9,b5129,b5129,,default,138.1,geometric,1,1,0.0,,,,confirmed,15.93,16.82,15.03,25.756261,-80.19218,62
8f0dddaf4c5b5ae4,b1739,b1739,,default,137.9,geometric,1,1,0.0,,,,confirmed,4.15,3.78,4.52,25.745767,-80.193214,60
04de45aba0de73d7,b13587,b13587,,default,137.5,geometric,1,1,0.0,,,,confirmed,21.5,21.13,21.87,25.773984,-80.191162,521
33b0318104fca44d,b13582,Royal Crown Fashion,,default,136.2,geometric,1,1,0.0,,,,confirmed,13.6,13.81,13.38,25.773973,-80.191053,227
523b270e8921149c,b13575,b13575,,default,133.9,geometric,1,1,0.0,,,,confirmed,12.4,11.96,12.84,25.773966,-80.190991,228
c97cbdff83640d17,b13616,Metro Color Computers,,default,131.9,geometric,1,1,0.0,,,,confirmed,9.79,9.71,9.87,25.774043,-80.190938,129
383e3ce6844ed015,b13617,b13617,,default,130.0,geometric,1,1,0.0,,,,confirmed,8.03,7.76,8.3,25.774044,-80.190878,131
7f9afbf538b02f10,b19460,b19460,112.0,osm_levels,129.4,geometric,1,1,0.0,,,,confirmed,108.72,108.51,108.94,25.788546,-80.19347,1480
d4a6d621d47981ff,b1810,b1810,,default,128.4,geometric,1,1,0.0,,,,confirmed,4.34,3.59,5.1,25.745997,-80.177756,66
f87826b0fc4bf8bb,b13621,b13621,,default,127.9,geometric,1,1,0.0,,,,confirmed,9.11,9.91,8.3,25.774047,-80.190817,139
c888cc39e419aa4a,b13627,b13627,,default,125.6,geometric,1,1,0.0,,,,confirmed,11.63,11.36,11.9,25.774058,-80.190746,156
a9d9c8d7da9418d0,b13634,b13634,,default,123.3,geometric,1,1,0.0,,,,confirmed,13.07,12.75,13.38,25.774066,-80.190669,142
0ce3f80dbfd8de4c,b19933,Miami Plaza,115.2,osm_levels,122.7,geometric,1,1,0.0,,,,disputed,,12.25,112.85,25.789772,-80.193496,2697
f983631e3b14f487,b13543,SunTrust International Center,102.4,osm_levels,119.5,geometric,1,1,0.0,,,,disputed,,36.22,41.53,25.77389,-80.188511,2796
1716b71e0566ed76,b1178,b1178,,default,118.6,geometric,1,1,0.0,,,,confirmed,19.19,18.78,19.59,25.742885,-80.169891,3092
7305cae55d26ad5c,b13687,b13687,,default,117.2,geometric,1,1,0.0,,,,disputed,,6.53,17.74,25.774173,-80.190486,33
10998a00699d1e0f,b5804,b5804,,default,117.1,geometric,1,1,0.0,,,,confirmed,29.93,29.49,30.38,25.757503,-80.190075,1064
8aef8d1011c8f24b,b15235,b15235,,default,116.8,geometric,1,1,0.0,,,,confirmed,6.24,5.8,6.68,25.777243,-80.171406,230
49d3fca8bb36c247,b6192,b6192,,default,114.3,geometric,1,1,0.0,,,,confirmed,4.54,4.17,4.91,25.758249,-80.189255,110
778698d1bb6195ef,b1965,b1965,,default,108.6,geometric,1,1,0.0,,,,unmeasured,,,,25.746664,-80.174483,9
671d7f80df632943,b4410,b4410,,default,107.8,geometric,1,1,0.0,,,,confirmed,7.46,6.9,8.03,25.754462,-80.198887,224
a930b5e80b93bd96,b4323,b4323,,default,107.8,geometric,1,1,0.0,,,,confirmed,7.62,7.41,7.84,25.754206,-80.199251,397
921e85e5b6c79526,b4231,b4231,,default,107.4,geometric,1,1,0.0,,,,confirmed,7.54,7.21,7.87,25.754003,-80.199081,349
148d486ee12df437,b15236,Terminal 10,,default,106.0,geometric,1,1,0.0,,,,confirmed,14.03,13.56,14.49,25.777246,-80.172006,5632
fb8edb105f2618c4,b4340,Brickell Place,80.0,osm_levels,105.1,geometric,1,1,0.0,,,,confirmed,74.52,73.02,76.02,25.754263,-80.196788,1966
c3a7dbcc28e33d37,b13277,Bayfront Plaza,,default,101.3,geometric,1,1,0.0,,,,confirmed,75.18,74.7,75.66,25.773062,-80.188249,8303
48a3b15a8698f0fb,b18927,Plant Nursery,,default,101.2,geometric,1,1,0.0,,,,disputed,,8.29,12.75,25.786616,-80.173988,488
768467349771b7db,b4181,b4181,,default,98.1,geometric,1,1,0.0,,,,tiles_only,9.44,,9.44,25.753865,-80.200388,274
62954727ce3588d3,b10429,Comfort Station CS2,,default,96.9,geometric,1,1,0.0,,,,confirmed,6.16,5.47,6.85,25.766848,-80.156978,56
ac91d8e91471904d,b4068,b4068,,default,96.3,geometric,1,1,0.0,,,,tiles_only,7.06,,7.06,25.753569,-80.200497,33
654fe5f3c0aeaf52,b4110,b4110,,default,95.4,geometric,1,1,0.0,,,,tiles_only,9.31,,9.31,25.753701,-80.200663,261
6c66634b71a5c5f6,b3880,b3880,,default,95.4,geometric,1,1,0.0,,,,confirmed,9.43,8.41,10.44,25.752981,-80.196931,1249
556a68ad1fb5c9e3,b13552,One Biscayne Tower,128.0,osm_levels,93.7,geometric,1,1,0.0,,,,confirmed,138.48,139.58,137.37,25.773902,-80.187999,3251
12be9dd21f7970f6,b19996,Chapman Partnership for the Homeless,,default,91.8,geometric,1,1,0.0,,,,confirmed,9.73,9.28,10.18,25.789891,-80.195215,5684
679b7abf8b867e81,b19596,Ice Palace,,default,91.8,geometric,1,1,0.0,,,,confirmed,7.68,7.5,7.86,25.788934,-80.195252,4966
790cdaf00ff71f32,b14345,b14345,,default,91.6,geometric,1,1,0.0,,,,tiles_only,21.55,,21.55,25.775461,-80.198583,4384
40f2967ce64fb61b,b3780,b3780,,default,89.2,geometric,1,1,0.0,,,,disputed,,11.12,14.45,25.752709,-80.198607,117
412881b4ada9aa22,b6494,Four Seasons Hotel Miami,,default,88.5,geometric,1,1,0.0,,,,confirmed,231.42,231.4,231.43,25.758764,-80.191519,11215
3a93e31e345907ab,b6135,Echo Brickell,,default,86.9,geometric,1,1,0.0,,,,confirmed,194.1,193.98,194.22,25.758123,-80.192388,1493
bad834580c7597f3,b5803,b5803,,default,85.4,geometric,1,1,0.0,,,,confirmed,14.03,12.73,15.32,25.757501,-80.192909,575
74bf3aefc4259ac5,b4096,b4096,,default,85.1,geometric,1,1,0.0,,,,tiles_only,15.98,,15.98,25.753662,-80.199743,633
ec3de480628452b7,b18743,b18743,,default,85.1,geometric,1,1,0.0,,,,tiles_only,31.43,,31.43,25.785913,-80.211569,4893
c3297a79e6eef029,b3731,Skyline on Brickell,112.0,osm_levels,85.0,geometric,1,1,0.0,,,,confirmed,112.32,110.54,114.1,25.752561,-80.198995,1569
96009f71e60d3f49,b15303,Bayside Marketplace,,default,83.9,geometric,1,1,0.0,,,,tiles_only,17.57,,17.57,25.777384,-80.185474,3775
47a7f8ebf0d71671,b16079,b16079,,default,83.7,geometric,1,1,0.0,,,,tiles_only,42.06,,42.06,25.778903,-80.205329,1556
8ef5cd2c8a08611e,b14628,The Loft 2,115.2,osm_levels,82.8,geometric,1,1,0.0,,,,confirmed,131.68,131.63,131.72,25.775976,-80.189951,1796
fddd1dee14ccb1fe,b4055,b4055,,default,82.2,geometric,1,1,0.0,,,,tiles_only,14.0,,14.0,25.753514,-80.200015,1026
7800f18cf984d70e,b3245,Brickell Bay Club,96.0,osm_levels,81.9,geometric,1,1,0.0,,,,confirmed,89.61,86.52,92.71,25.750885,-80.199888,2547
1adfa339fec4eebd,b20423,b20423,,default,81.6,geometric,1,1,0.0,,,,confirmed,9.73,9.21,10.26,25.79078,-80.178525,428
ecac9c6d479fa326,b20438,b20438,,default,81.1,geometric,1,1,0.0,,,,confirmed,4.77,4.32,5.22,25.79081,-80.178081,417
99e9748e9bc8dda1,b20220,b20220,,default,81.1,geometric,1,1,0.0,,,,confirmed,3.81,3.31,4.31,25.790363,-80.176981,270
a6766ff95467aa22,b20012,b20012,,default,81.1,geometric,1,1,0.0,,,,tiles_only,6.2,,6.2,25.78993,-80.197752,242
2b793162ca64e400,b10879,b10879,,default,80.8,geometric,1,1,0.0,,,,confirmed,77.84,76.48,79.2,25.767788,-80.186124,312
a70d45e7a68dddaf,b3360,b3360,,default,80.2,geometric,1,1,0.0,,,,confirmed,15.54,15.12,15.96,25.751414,-80.199398,1940
791dafcef27328f4,b15928,b15928,,default,79.9,geometric,1,1,0.0,,,,tiles_only,5.58,,5.58,25.778599,-80.199324,323
8ea72206f79cb83c,b4036,b4036,,default,79.7,geometric,1,1,0.0,,,,tiles_only,6.54,,6.54,25.753442,-80.200387,306
fb1ef90b637c3267,b3947,b3947,,default,79.4,geometric,1,1,0.0,,,,tiles_only,10.52,,10.52,25.753203,-80.200556,286
b48fac9ea99217d3,b20200,b20200,,default,78.2,geometric,1,1,0.0,,,,confirmed,5.29,4.78,5.79,25.790339,-80.177208,322
31399651e6befff6,b20391,b20391,,default,77.3,geometric,1,1,0.0,,,,confirmed,6.25,5.48,7.01,25.790741,-80.178292,392
62446a10c384363a,b10853,b10853,,default,77.3,geometric,1,1,0.0,,,,confirmed,85.08,83.52,86.64,25.767721,-80.186325,619
c8da55db741d105e,b21182,b21182,,default,76.2,geometric,1,1,0.0,,,,tiles_only,16.52,,16.52,25.792618,-80.19812,481
3e2d56680deb237d,b19536,Ronald McDonald House,,default,76.0,geometric,1,1,0.0,,,,tiles_only,10.78,,10.78,25.788746,-80.213045,595
6bf5c7c171f3273b,b19086,b19086,,default,73.6,geometric,1,1,0.0,,,,confirmed,5.08,5.31,4.85,25.787164,-80.194417,859
c47c3c62f6a6a6ae,b20273,b20273,,default,73.4,geometric,1,1,0.0,,,,confirmed,40.93,40.43,41.43,25.79048,-80.179005,3079
d82ef39a5e44ec79,b18848,b18848,,default,72.2,geometric,1,1,0.0,,,,tiles_only,5.19,,5.19,25.786336,-80.20935,147
3675fffb93ea9a28,b3907,b3907,,default,72.0,geometric,1,1,0.0,,,,tiles_only,10.63,,10.63,25.753053,-80.20151,445
f4374a4151944699,b5152,b5152,,default,71.4,geometric,1,1,0.0,,,,confirmed,17.8,18.08,17.52,25.756298,-80.192199,37
a12fa94e286e20a5,b3776,b3776,,default,70.3,geometric,1,1,0.0,,,,tiles_only,10.01,,10.01,25.752695,-80.203496,615
aa8456144564f638,b3852,b3852,,default,69.4,geometric,1,1,0.0,,,,tiles_only,5.62,,5.62,25.752913,-80.201886,214
74b73e1290f14251,b15121,b15121,,default,69.1,geometric,1,1,0.0,,,,confirmed,43.45,43.01,43.89,25.77695,-80.189159,577
a9db518580a949f6,b18878,b18878,,default,68.8,geometric,1,1,0.0,,,,tiles_only,0.78,,0.78,25.786438,-80.209362,174
ec7927f8f50754e0,b19316,Dominion Tower Parking Garage,,default,68.6,geometric,1,1,0.0,,,,tiles_only,23.46,,23.46,25.788118,-80.212167,3503
9dbf6ae50138e028,b19801,b19801,,default,68.2,geometric,1,1,0.0,,,,tiles_only,8.05,,8.05,25.789453,-80.198563,87
88a372bda684072e,b3720,b3720,,default,68.1,geometric,1,1,0.0,,,,tiles_only,9.42,,9.42,25.752543,-80.203676,345
f8996a5a2234023a,b3802,b3802,,default,67.6,geometric,1,1,0.0,,,,tiles_only,10.82,,10.82,25.752762,-80.202092,319
815bcdb4ba5e850f,b14480,b14480,,default,67.3,geometric,1,1,0.0,,,,confirmed,23.43,23.61,23.25,25.775704,-80.189321,4059
b8e82f1b84535039,b3687,b3687,,default,66.2,geometric,1,1,0.0,,,,tiles_only,8.56,,8.56,25.752474,-80.203811,355
ad3dfa229ed15b34,b3178,The Metropolitan,89.6,osm_levels,66.2,geometric,1,1,0.0,,,,tiles_only,87.87,,87.87,25.750499,-80.20213,1158
2a06ffed68ef7046,b3660,b3660,,default,66.0,geometric,1,1,0.0,,,,tiles_only,8.01,,8.01,25.752402,-80.203924,230
8fd1f1a8e9714582,b1706,b1706,,default,64.9,geometric,1,1,0.0,,,,confirmed,4.31,3.92,4.71,25.745522,-80.173717,120
98254dcb632e2c4d,b19325,Dominion Tower,,default,64.8,geometric,1,1,0.0,,,,tiles_only,62.31,,62.31,25.788139,-80.21147,1167
720a45944e26b90f,b3537,b3537,,default,63.7,geometric,1,1,0.0,,,,tiles_only,12.79,,12.79,25.752018,-80.202134,734
fc1e4521e581f6f3,b19964,b19964,,default,62.6,geometric,1,1,0.0,,,,confirmed,5.3,4.63,5.97,25.789834,-80.179315,39
223d76a339817e4e,b3604,b3604,,default,62.2,geometric,1,1,0.0,,,,tiles_only,7.78,,7.78,25.752228,-80.204449,75
a5d403293d0c6dc5,b20437,b20437,,default,61.3,geometric,1,1,0.0,,,,tiles_only,6.09,,6.09,25.79081,-80.198149,163
d5c29db152f6bbc5,b17440,b17440,,default,61.1,geometric,1,1,0.0,,,,tiles_only,25.06,,25.06,25.781798,-80.204529,69
348dcd734dd63f24,b3627,b3627,,default,61.0,geometric,1,1,0.0,,,,tiles_only,5.67,,5.67,25.752313,-80.204545,162
8d91c3167165d0b2,b3447,b3447,,default,60.2,geometric,1,1,0.0,,,,tiles_only,12.66,,12.66,25.751777,-80.202563,827
85bd9fb6cacb4108,b18099,b18099,,default,59.9,geometric,1,1,0.0,,,,tiles_only,6.1,,6.1,25.783554,-80.208404,154
d70861127fa37a99,b18146,b18146,,default,59.8,geometric,1,1,0.0,,,,tiles_only,11.51,,11.51,25.783702,-80.208245,104
170bbf3528b0049c,b20565,b20565,,default,59.4,geometric,1,1,0.0,,,,tiles_only,6.1,,6.1,25.791082,-80.198163,186
da29451f31208a23,b19567,b19567,,default,58.9,geometric,1,1,0.0,,,,tiles_only,6.68,,6.68,25.788863,-80.198082,116
6b5dfb4ff9f5259e,b17847,b17847,,default,57.9,geometric,1,1,0.0,,,,tiles_only,6.87,,6.87,25.782868,-80.20194,805
83e2d97fd4a04aba,b3458,b3458,,default,56.9,geometric,1,1,0.0,,,,tiles_only,14.56,,14.56,25.751804,-80.203096,282
865d8a3b5d250961,b3518,b3518,,default,56.8,geometric,1,1,0.0,,,,tiles_only,7.68,,7.68,25.751938,-80.202901,272
60e38c2a4f2ca935,b3156,b3156,,default,56.6,geometric,1,1,0.0,,,,tiles_only,4.34,,4.34,25.75042,-80.202968,140
49e88e697d1bf9dc,b20457,b20457,,default,55.8,geometric,1,1,0.0,,,,confirmed,15.17,14.32,16.01,25.790847,-80.166204,668
4b5cf03c32dcc97d,b3426,b3426,,default,55.8,geometric,1,1,0.0,,,,tiles_only,12.6,,12.6,25.751709,-80.203254,297
dc218951bf6c8237,b20618,b20618,,default,55.3,geometric,1,1,0.0,,,,tiles_only,14.22,,14.22,25.791187,-80.199371,169
e15c99889e7c7542,b20395,b20395,,default,53.9,geometric,1,1,0.0,,,,tiles_only,8.44,,8.44,25.790743,-80.19857,106
cb71f1348c7b723f,b18106,b18106,,default,53.4,geometric,1,1,0.0,,,,tiles_only,13.25,,13.25,25.783567,-80.208248,146
d30d6a69c965f2b5,b21049,b21049,,default,53.0,geometric,1,1,0.0,,,,tiles_only,16.17,,16.17,25.792267,-80.199051,664
ba4ecd7fae780a0e,b15833,b15833,,default,52.9,geometric,1,1,0.0,,,,tiles_only,8.61,,8.61,25.77842,-80.184008,441
667376f258bd2bd5,b4366,b4366,,default,52.8,geometric,1,1,0.0,,,,tiles_only,8.3,,8.3,25.754333,-80.199642,401
c653d72f9ad99c4c,b20748,b20748,,default,52.8,geometric,1,1,0.0,,,,tiles_only,9.25,,9.25,25.791476,-80.199571,162
cef5b5c2264b3b59,b19955,b19955,,default,52.5,geometric,1,1,0.0,,,,confirmed,11.22,10.44,12.01,25.789822,-80.167137,299
ee1baf4cb5bd8f73,b19029,b19029,,default,52.3,geometric,1,1,0.0,,,,tiles_only,6.23,,6.23,25.787001,-80.198174,153
5461babf6b80bb6b,b19939,b19939,,default,52.0,geometric,1,1,0.0,,,,confirmed,13.28,12.89,13.67,25.789778,-80.16731,313
2cd329c95b7f7cc0,b18539,b18539,,default,51.4,geometric,1,1,0.0,,,,disputed,,1.44,6.04,25.785186,-80.178367,20
a649a80df8167a5d,b21313,b21313,,default,51.2,geometric,1,1,0.0,,,,tiles_only,5.53,,5.53,25.792957,-80.199947,210
f99bfd4f97b57ad8,b3464,b3464,,default,50.8,geometric,1,1,0.0,,,,tiles_only,4.93,,4.93,25.751813,-80.205574,339
477bfd6160ccc373,b19557,b19557,,default,50.5,geometric,1,1,0.0,,,,tiles_only,0.31,,0.31,25.788826,-80.198605,81
dfb47ad2d94362dc,b4401,b4401,,default,50.4,geometric,1,1,0.0,,,,tiles_only,6.42,,6.42,25.754447,-80.19956,432
b30e020c06f0d3e6,b22341,Brahman Service & Parts,,default,50.3,geometric,1,1,0.0,,,,confirmed,20.05,19.89,20.21,25.796541,-80.191602,7782
fcd788d4a3dd178d,b3515,b3515,,default,50.1,geometric,1,1,0.0,,,,tiles_only,4.1,,4.1,25.751932,-80.205671,305
31bb9cb1d9bd7c11,b18108,b18108,,default,49.8,geometric,1,1,0.0,,,,tiles_only,5.89,,5.89,25.783574,-80.208087,174
d930982f8b6fd5a2,b4347,b4347,,default,49.7,geometric,1,1,0.0,,,,tiles_only,7.89,,7.89,25.754281,-80.199811,257
5ff1fad01b42e7e9,b16317,b16317,,default,49.7,geometric,1,1,0.0,,,,confirmed,11.3,11.3,11.3,25.779379,-80.162894,658
0c3693033e241253,b20512,Mental Health Hospital Center,,default,49.6,geometric,1,1,0.0,,,,tiles_only,15.18,,15.18,25.790952,-80.209595,6134
f0fa141f9b092d14,b4328,b4328,,default,49.4,geometric,1,1,0.0,,,,tiles_only,9.38,,9.38,25.754211,-80.199928,202
6ef4eecdef19f4b6,b20394,b20394,,default,49.1,geometric,1,1,0.0,,,,tiles_only,6.46,,6.46,25.790742,-80.199319,365
0fcbc3a0ade13860,b20331,b20331,,default,49.1,geometric,1,1,0.0,,,,tiles_only,9.22,,9.22,25.790601,-80.208587,543
05e422891a927f92,b3231,b3231,,default,48.7,geometric,1,1,0.0,,,,unmeasured,,,,25.750795,-80.203975,20
94fc3c67564ec3a9,b16357,b16357,,default,48.7,geometric,1,1,0.0,,,,tiles_only,13.92,,13.92,25.779485,-80.205325,58
b9be2a7ad189ac2a,b18458,b18458,,default,48.4,geometric,1,1,0.0,,,,disputed,,0.78,6.62,25.784928,-80.17828,19
097f999442258a77,b3915,b3915,,default,48.4,geometric,1,1,0.0,,,,disputed,,6.17,10.39,25.753073,-80.19855,92
34a13bbc957841f4,b18490,b18490,,default,48.3,geometric,1,1,0.0,,,,confirmed,5.78,4.52,7.04,25.785031,-80.178181,750
6e03b87d9057599e,b21123,b21123,,default,46.7,geometric,1,1,0.0,,,,tiles_only,10.14,,10.14,25.79246,-80.202743,544
be8db59670eeadb9,b18284,b18284,,default,46.3,geometric,1,1,0.0,,,,confirmed,5.72,4.6,6.84,25.784239,-80.177914,422
1e9c9a17aef8e0b8,b20333,b20333,,default,45.9,geometric,1,1,0.0,,,,tiles_only,6.59,,6.59,25.790612,-80.199513,387
571cc1161d891c27,b20158,b20158,,default,45.8,geometric,1,1,0.0,,,,tiles_only,8.98,,8.98,25.790263,-80.208161,734
010025e4e29600d4,b4257,b4257,,default,45.6,geometric,1,1,0.0,,,,tiles_only,10.79,,10.79,25.754076,-80.201477,406
2bc96ed90fbf1275,b18346,b18346,,default,45.3,geometric,1,1,0.0,,,,tiles_only,7.55,,7.55,25.784494,-80.198468,121
8e9ee5eefbafdb19,b18218,b18218,,default,45.2,geometric,1,1,0.0,,,,tiles_only,15.0,,15.0,25.783907,-80.206424,136
3ccaa65d4cb95a84,b18814,b18814,,default,44.2,geometric,1,1,0.0,,,,tiles_only,6.75,,6.75,25.786185,-80.199048,396
e9c04f2a88bc37f7,b18402,Miami Children's Museum,,default,43.7,geometric,1,1,0.0,,,,confirmed,17.0,16.78,17.21,25.784726,-80.176583,3278
3b3c6ddb07e606eb,b4165,b4165,,default,43.7,geometric,1,1,0.0,,,,tiles_only,8.04,,8.04,25.753797,-80.201925,337
ca3552412a4c2194,b14252,b14252,,default,43.5,geometric,1,1,0.0,,,,confirmed,8.74,7.27,10.21,25.775275,-80.178171,182
ad4992509ac2ab1c,b20092,b20092,,default,43.4,geometric,1,1,0.0,,,,tiles_only,9.78,,9.78,25.790114,-80.208541,1022
8dabf989d027b074,b3430,b3430,,default,43.3,geometric,1,1,0.0,,,,tiles_only,5.73,,5.73,25.751717,-80.205426,187
f5961da1c0e2421e,b4105,b4105,,default,43.3,geometric,1,1,0.0,,,,tiles_only,12.93,,12.93,25.75369,-80.202177,27
5e1c58d775df6dde,b20996,b20996,,default,43.0,geometric,1,1,0.0,,,,tiles_only,39.56,,39.56,25.792156,-80.212429,36417
4458725c96418079,b17851,b17851,,default,42.3,geometric,1,1,0.0,,,,tiles_only,7.11,,7.11,25.782878,-80.201641,787
69d5b9a5d02cd268,b3216,b3216,,default,42.2,geometric,1,1,0.0,,,,tiles_only,13.56,,13.56,25.750691,-80.204902,888
331a88701c41d807,b4061,b4061,,default,42.0,geometric,1,1,0.0,,,,tiles_only,10.81,,10.81,25.753544,-80.202284,482
54adcf366accad3a,b3158,b3158,,default,41.2,geometric,1,1,0.0,,,,tiles_only,15.8,,15.8,25.750428,-80.205612,336
73b3f53136ce91b8,b18170,b18170,,default,41.1,geometric,1,1,0.0,,,,tiles_only,6.34,,6.34,25.783775,-80.20381,526
b77ca42c08150dd2,b19209,b19209,,default,40.9,geometric,1,1,0.0,,,,tiles_only,9.66,,9.66,25.787712,-80.208038,203
e0173099c0fb4021,b3873,b3873,,default,40.9,geometric,1,1,0.0,,,,tiles_only,8.29,,8.29,25.752965,-80.203133,289
3122104aed756bb5,b4155,b4155,,default,40.5,geometric,1,1,0.0,,,,tiles_only,6.38,,6.38,25.753786,-80.202353,292
b6dae41acc64054e,b3887,b3887,,default,40.3,geometric,1,1,0.0,,,,tiles_only,3.69,,3.69,25.753011,-80.202919,330
a3900ccf11dbd398,b15564,b15564,,default,40.3,geometric,1,1,0.0,,,,confirmed,4.21,4.07,4.35,25.777865,-80.175388,191
1d64555d2427f477,b4113,Brickell Place,70.4,osm_levels,39.8,geometric,1,1,0.0,,,,confirmed,52.73,51.04,54.42,25.753704,-80.197543,1904
8dc81946d77c439a,b19170,b19170,,default,39.5,geometric,1,1,0.0,,,,tiles_only,8.52,,8.52,25.78757,-80.208057,165
6ede4e89b41ed27e,b4053,b4053,,default,39.5,geometric,1,1,0.0,,,,tiles_only,8.03,,8.03,25.753493,-80.202854,181
7755c16b8da61d65,b19039,b19039,,default,39.2,geometric,1,1,0.0,,,,tiles_only,0.57,,0.57,25.787035,-80.208021,134
3ef0cfbdc8a85db9,b17939,b17939,,default,38.9,geometric,1,1,0.0,,,,tiles_only,9.53,,9.53,25.783127,-80.202598,147
3c4fc3fa0f8083e1,b15327,b15327,,default,37.8,geometric,1,1,0.0,,,,confirmed,3.85,3.89,3.81,25.777437,-80.178815,95
2ca9f1fb7e2dc018,b3957,b3957,,default,37.2,geometric,1,1,0.0,,,,tiles_only,8.92,,8.92,25.753256,-80.202661,439
b97f0c0c52f670e4,b4001,b4001,,default,37.2,geometric,1,1,0.0,,,,tiles_only,11.49,,11.49,25.753352,-80.203344,278
a574f0e8ec8daaea,b13213,b13213,60.8,osm_levels,36.6,geometric,1,1,0.0,,,,confirmed,75.77,75.77,75.77,25.772895,-80.188005,1344
d505b7b392d76e75,b21195,b21195,,default,35.8,geometric,1,1,0.0,,,,tiles_only,9.21,,9.21,25.792654,-80.201214,821
23717ea720021c43,b18213,b18213,,default,35.4,geometric,1,1,0.0,,,,tiles_only,9.91,,9.91,25.783897,-80.199396,1498
53a7a582f245e64d,b15356,b15356,,default,35.3,geometric,1,1,0.0,,,,tiles_only,11.46,,11.46,25.777504,-80.200905,343
e1da6138a1ff3244,b3895,b3895,,default,35.1,geometric,1,1,0.0,,,,tiles_only,4.78,,4.78,25.753022,-80.203816,289
196e78f98128d659,b3335,b3335,,default,34.7,geometric,1,1,0.0,,,,tiles_only,7.21,,7.21,25.751336,-80.206527,274
ef38d8bf685d4ad3,b18111,b18111,,default,34.6,geometric,1,1,0.0,,,,tiles_only,5.85,,5.85,25.783583,-80.207936,197
f18f2264956705e7,b3793,b3793,,default,33.7,geometric,1,1,0.0,,,,tiles_only,12.0,,12.0,25.752739,-80.203673,40
f3dbb9d18d13f27e,b18231,b18231,,default,33.5,geometric,1,1,0.0,,,,tiles_only,12.34,,12.34,25.783963,-80.207268,819
c82d83564991e5ff,b20040,b20040,,default,33.3,geometric,1,1,0.0,,,,unmeasured,,,,25.789989,-80.206527,11
38436094b25e1ee7,b19134,b19134,,default,33.2,geometric,1,1,0.0,,,,tiles_only,10.2,,10.2,25.787304,-80.19888,545
b8671e60f00004e4,b21549,b21549,,default,33.0,geometric,1,1,0.0,,,,tiles_only,20.26,,20.26,25.793527,-80.207767,2150
a0a947bcd1be45d4,b3856,b3856,,default,33.0,geometric,1,1,0.0,,,,tiles_only,5.89,,5.89,25.752921,-80.204248,205
1c36e1f065747592,b3847,b3847,,default,32.6,geometric,1,1,0.0,,,,tiles_only,5.46,,5.46,25.752905,-80.203721,221
8ca3840279419071,b17979,b17979,,default,32.1,geometric,1,1,0.0,,,,tiles_only,29.69,,29.69,25.783235,-80.197846,1535
bc7e848c7a38ee61,b15905,b15905,,default,31.8,geometric,1,1,0.0,,,,tiles_only,7.88,,7.88,25.77855,-80.200996,681
56d5135b0ae48248,b14558,b14558,,default,31.4,geometric,1,1,0.0,,,,tiles_only,5.19,,5.19,25.775879,-80.207948,422
199204752fddacae,b3248,b3248,,default,31.2,geometric,1,1,0.0,,,,tiles_only,5.1,,5.1,25.750912,-80.206901,214
693d0b4614d4e710,b3773,b3773,,default,31.1,geometric,1,1,0.0,,,,tiles_only,6.86,,6.86,25.752684,-80.20408,280
3f89434c90392151,b15184,b15184,,default,31.0,geometric,1,1,0.0,,,,tiles_only,14.28,,14.28,25.777137,-80.20747,854
7ffcfe804dda5306,b3737,b3737,,default,30.8,geometric,1,1,0.0,,,,tiles_only,6.05,,6.05,25.752567,-80.204761,195
e5e936dff9d6ab72,b18082,b18082,,default,30.8,geometric,1,1,0.0,,,,confirmed,6.09,5.73,6.44,25.783491,-80.173247,65
b800ce4477624932,b19973,b19973,,default,30.8,geometric,1,1,0.0,,,,tiles_only,2.13,,2.13,25.789852,-80.206711,43
68a334e2c81ebb50,b3229,b3229,,default,30.3,geometric,1,1,0.0,,,,tiles_only,4.95,,4.95,25.750791,-80.206795,246
9196fc0e829c886a,b18232,b18232,,default,30.0,geometric,1,1,0.0,,,,tiles_only,6.91,,6.91,25.783977,-80.198508,241
635c42917d60eba8,b3502,b3502,,default,29.9,geometric,1,1,0.0,,,,tiles_only,7.71,,7.71,25.75191,-80.203422,293
f0ec4c4985dc1c60,b15320,b15320,,default,28.9,geometric,1,1,0.0,,,,tiles_only,24.27,,24.27,25.777415,-80.198227,3432
ee0e32ad383a42ce,b17182,b17182,,default,28.8,geometric,1,1,0.0,,,,tiles_only,13.56,,13.56,25.781307,-80.203685,714
1b4ab745473a5888,b3668,b3668,,default,28.7,geometric,1,1,0.0,,,,tiles_only,5.06,,5.06,25.752429,-80.204677,229
9098bb5dcd3d92ff,b18442,b18442,,default,28.3,geometric,1,1,0.0,,,,tiles_only,13.85,,13.85,25.784875,-80.207483,154
c841d3adc8923a04,b15301,b15301,,default,27.7,geometric,1,1,0.0,,,,tiles_only,7.02,,7.02,25.777382,-80.207248,232
1a3a7d2f7c7f110e,b15354,Hard Rock Cafe,,default,26.8,geometric,1,1,0.0,,,,tiles_only,12.51,,12.51,25.777495,-80.18446,1908
d3211ee5078bedd2,b3221,b3221,,default,26.5,geometric,1,1,0.0,,,,tiles_only,5.39,,5.39,25.75071,-80.207478,344
0bcd365fa47d353c,b4179,b4179,,default,25.7,geometric,1,1,0.0,,,,tiles_only,9.48,,9.48,25.753855,-80.202466,267
ef412750f24a7706,b20187,b20187,,default,25.4,geometric,1,1,0.0,,,,tiles_only,8.71,,8.71,25.790314,-80.20199,408
e4737aec315d3665,b3936,b3936,,default,24.9,geometric,1,1,0.0,,,,tiles_only,6.8,,6.8,25.753155,-80.203911,241
b6ac03fa20b67abb,b4076,b4076,,default,24.3,geometric,1,1,0.0,,,,tiles_only,4.93,,4.93,25.753605,-80.202977,204
ac1467798b93bbe1,b18564,b18564,,default,23.4,geometric,1,1,0.0,,,,tiles_only,7.76,,7.76,25.78528,-80.199663,63
a2b1ca51605d1df3,b3548,b3548,,default,23.3,geometric,1,1,0.0,,,,tiles_only,8.63,,8.63,25.75205,-80.203186,327
150e556128f511a5,b4046,b4046,,default,22.9,geometric,1,1,0.0,,,,tiles_only,10.67,,10.67,25.753476,-80.203438,286
7807bcc62b850762,b21138,b21138,,default,22.8,geometric,1,1,0.0,,,,tiles_only,6.0,,6.0,25.792527,-80.204141,299
326e77b5f6fcfa65,b15166,b15166,,default,22.4,geometric,1,1,0.0,,,,tiles_only,8.51,,8.51,25.777098,-80.184725,214
d55b271ef0773ab0,b3371,b3371,,default,22.2,geometric,1,1,0.0,,,,tiles_only,12.63,,12.63,25.751474,-80.202913,784
262523038b7babc7,b20269,b20269,,default,21.8,geometric,1,1,0.0,,,,tiles_only,8.9,,8.9,25.790469,-80.206089,70
596e9ac5606fa895,b18298,b18298,,default,21.0,geometric,1,1,0.0,,,,tiles_only,10.04,,10.04,25.784306,-80.19941,1460
1ad6c44eaf77eb06,b21063,b21063,,default,20.3,geometric,1,1,0.0,,,,tiles_only,7.18,,7.18,25.792298,-80.20342,449
7271ae03eb6458e9,b20093,b20093,,default,20.2,geometric,1,1,0.0,,,,tiles_only,6.21,,6.21,25.790117,-80.197768,244
f5ed116d7b59ef6f,b3293,Hilton Garden Inn,,default,20.0,geometric,1,1,0.0,,,,tiles_only,16.69,,16.69,25.751173,-80.203707,2180
f9a1aaa91b19be65,b21118,b21118,,default,19.4,geometric,1,1,0.0,,,,tiles_only,6.62,,6.62,25.792444,-80.204478,225
c73665aa5afd7f99,b9315,b9315,,default,19.2,geometric,1,1,0.0,,,,disputed,,18.63,7.76,25.764122,-80.18474,765
ce4923d7c78cff26,b18157,b18157,,default,19.2,geometric,1,1,0.0,,,,tiles_only,7.23,,7.23,25.783735,-80.20608,467
f3106bfd2ace0e96,b3275,b3275,,default,19.2,geometric,1,1,0.0,,,,tiles_only,4.97,,4.97,25.751101,-80.206356,262
4b420e843d0431b9,b20927,b20927,,default,19.1,geometric,1,1,0.0,,,,tiles_only,7.28,,7.28,25.791972,-80.203489,224
03a79f6c97ec8fcc,b21608,b21608,,default,18.4,geometric,1,1,0.0,,,,tiles_only,8.05,,8.05,25.793659,-80.201617,114
048df925ffc333e4,b18241,b18241,,default,18.0,geometric,1,1,0.0,,,,tiles_only,7.42,,7.42,25.784042,-80.205678,201
c28fede4971f53be,b10546,Brickell Key I,67.2,osm_levels,17.5,geometric,1,1,0.0,,,,confirmed,67.5,66.16,68.83,25.767064,-80.184151,3558
9a060c071b0816b8,b10481,b10481,,default,15.5,geometric,1,1,0.0,,,,confirmed,40.76,39.12,42.4,25.766963,-80.183582,118
99508842f746df2a,b18079,Jackson Soul Food,,default,15.5,geometric,1,1,0.0,,,,tiles_only,5.99,,5.99,25.783468,-80.199938,348
edfbcf1c4f638524,b12787,Citigroup Center Parking Garage,32.0,osm_levels,15.1,geometric,1,1,0.0,,,,confirmed,27.62,26.62,28.63,25.771652,-80.186833,2959
7a064ab7a221f526,b11636,b11636,,default,14.8,geometric,1,1,0.0,,,,confirmed,125.95,125.09,126.82,25.769276,-80.186843,912
cb2c75e6f2d269c4,b3662,b3662,,default,14.1,geometric,1,1,0.0,,,,tiles_only,4.9,,4.9,25.752409,-80.202571,463
bf8950ed59cdc0c4,b3735,b3735,,default,13.8,geometric,1,1,0.0,,,,tiles_only,0.0,,0.0,25.752564,-80.202283,266
e932297809b8a0af,b9955,b9955,,default,12.8,geometric,1,1,0.0,,,,confirmed,97.75,96.19,99.3,25.765281,-80.184101,755
4bf4cef290b578bc,b10973,Brickell Key II,60.8,osm_levels,12.6,geometric,1,1,0.0,,,,confirmed,54.75,54.26,55.24,25.767974,-80.183901,2880
4ba38384a1fe6fa4,b20593,b20593,,default,12.2,geometric,1,1,0.0,,,,tiles_only,5.29,,5.29,25.791152,-80.202688,484
e6aaa157a6cad750,b15729,b15729,,default,12.1,geometric,1,1,0.0,,,,confirmed,9.31,8.45,10.18,25.778219,-80.180352,474
948dc8d3d54cdd69,b11770,Brickell on the River,,default,11.5,geometric,1,1,0.0,,,,confirmed,124.12,126.98,121.27,25.769531,-80.191685,3045
54acd8b8569daab5,b3191,b3191,,default,11.2,geometric,1,1,0.0,,,,tiles_only,9.4,,9.4,25.750581,-80.207337,238
f6801927527288e9,b11793,b11793,,default,10.9,geometric,1,1,0.0,,,,disputed,,17.49,40.64,25.769578,-80.191034,2582
4945056171537f5e,b20197,b20197,,default,10.5,geometric,1,1,0.0,,,,tiles_only,10.85,,10.85,25.790326,-80.202638,559
988bf144eb51b25a,b3366,b3366,,default,9.5,geometric,1,1,0.0,,,,tiles_only,15.63,,15.63,25.75144,-80.205804,74
24d02946f1d26b2b,b12196,b12196,48.0,osm_levels,9.4,geometric,1,1,0.0,,,,confirmed,56.25,56.52,55.98,25.770423,-80.18927,2287
8a21e618e558057e,b13475,Band Shell,,default,9.2,geometric,1,1,0.0,,,,confirmed,8.35,7.28,9.41,25.773688,-80.186128,217
1b2ef579941214b9,b3269,b3269,,default,8.6,geometric,1,1,0.0,,,,tiles_only,4.72,,4.72,25.751059,-80.206985,288
5d173000765a415a,b20383,b20383,,default,8.0,geometric,1,1,0.0,,,,tiles_only,7.84,,7.84,25.790729,-80.20329,370
60d1a497c08ea215,b16111,b16111,,default,7.9,geometric,1,1,0.0,,,,confirmed,8.66,7.9,9.42,25.77898,-80.176928,1992
b3f642a102fb9940,b3313,b3313,,default,7.8,geometric,1,1,0.0,,,,tiles_only,6.52,,6.52,25.751247,-80.2064,170
0af6fe9bd37ec960,b14678,b14678,,default,7.6,geometric,1,1,0.0,,,,confirmed,127.97,128.25,127.69,25.776033,-80.189821,833
64874a8267d99176,b11560,b11560,,default,7.4,geometric,1,1,0.0,,,,disputed,,32.7,21.99,25.769157,-80.18376,188
6ee5473b61fe8b36,b10920,b10920,,default,7.3,geometric,1,1,0.0,,,,survey_only,40.53,40.53,,25.767876,-80.183302,95
07b9a81902ec048d,b11196,b11196,,default,7.0,geometric,1,1,0.0,,,,confirmed,106.07,105.1,107.05,25.768397,-80.186686,488
ab94adb8f811dfba,b16009,World Trade Center Miami,,default,6.5,geometric,1,1,0.0,,,,confirmed,24.54,24.25,24.83,25.778756,-80.177933,1143
8fc795d571e1307a,b10249,Courvoisier Centre I,25.6,osm_levels,5.2,geometric,1,1,0.0,,,,confirmed,35.42,34.08,36.76,25.766403,-80.185759,1776
8474cfdb6954795e,b10056,b10056,,default,5.1,geometric,1,1,0.0,,,,disputed,,27.29,30.78,25.765659,-80.185002,2571
9fc6c0230cb2055b,b11230,b11230,,default,3.3,geometric,1,1,0.0,,,,confirmed,100.63,99.77,101.49,25.768475,-80.186474,657
57ffa9d6dd5d7b21,b15584,Holiday Inn Port of Miami Downtown,35.2,osm_levels,0.0,geometric,1,1,0.0,,,,confirmed,38.89,38.78,38.99,25.77789,-80.188821,1878
ab70339350e77bec,b18566,b18566,6.4,osm_levels,0.0,geometric,1,1,0.0,,,,confirmed,29.25,28.69,29.81,25.785283,-80.188041,5567
183c95a4c22bf62c,b18592,b18592,22.4,osm_levels,0.0,geometric,1,1,0.0,,,,confirmed,29.51,28.89,30.13,25.785381,-80.188029,2560
7c40effa1acaf199,b18594,b18594,19.2,osm_levels,0.0,geometric,1,1,0.0,,,,confirmed,32.0,31.03,32.96,25.785386,-80.187901,638
5813533eceda07b7,b18773,b18773,16.0,osm_levels,0.0,geometric,1,1,0.0,,,,confirmed,22.24,21.36,23.13,25.786023,-80.186258,8249
1701529b20476010,b18779,Pérez Art Museum Miami,19.2,osm_levels,0.0,geometric,1,1,0.0,,,,confirmed,22.32,21.36,23.29,25.786034,-80.186289,2969
c38de2931e958629,b19895,b19895,,default,0.0,geometric,1,1,0.0,,,,confirmed,3.64,2.94,4.35,25.789696,-80.179034,19
663c5778865ce6a7,,Centro Lofts,130.0,,,,,,,149.1,2,32.1,confirmed,131.04,,,,,
65f5dba7668ece5d,,Aston Martin Residences,249.0,,,,,,,185.0,10,138.6,disputed,,,,,,
7489261136cb863b,,,176.0,,,,,,,205.9,2,104.4,tiles_only,192.19,,,,,
58d64dd181206666,,,169.3,,,,,,,176.2,9,53.7,disputed,,,,,,
8b21fa7a6fbe0728,,Vizcayne North Tower,155.0,,,,,,,172.2,6,80.9,confirmed,168.17,,,,,
d6cb6c22451e5ad8,,Vizcayne South Tower,152.0,,,,,,,84.7,5,77.9,confirmed,168.23,,,,,
07f5b3761ebc210f,,,236.0,,,,,,,243.7,7,52.5,confirmed,236.66,,,,,
4a0fea960168c64e,,,165.0,,,,,,,184.6,7,126.0,confirmed,168.59,,,,,
5d25f0a6a864563b,,,165.0,,,,,,,186.7,6,25.3,confirmed,168.52,,,,,
d111340c8c5a4007,,Asia,147.0,,,,,,,142.3,10,63.6,confirmed,144.84,,,,,
4b578f19304a42ef,,Miami Tower,191.0,,,,,,,197.1,4,14.8,confirmed,183.25,,,,,
87cf0e9970c220c1,,Citigroup Center,148.0,,,,,,,153.4,9,28.5,confirmed,146.18,,,,,
a28dbf98c3bdbc30,,One Biscayne Tower,150.0,,,,,,,146.2,8,56.0,confirmed,138.45,,,,,
6b74bff8f1d11589,,Southeast Financial Center,233.0,,,,,,,237.9,10,110.0,confirmed,234.85,,,,,
07093a25dfc18780,,Ivy,144.0,,,,,,,137.1,4,47.5,confirmed,143.16,,,,,
60720dd0c5ce062e,,The Loft 1,84.0,,,,,,,92.1,3,7.2,confirmed,82.38,,,,,
e0ba730247d78f91,,The Loft 2,132.0,,,,,,,153.9,3,52.2,confirmed,131.53,,,,,
22a3ab9b5f82bd3b,,Mint,192.3,,,,,,,192.4,6,94.5,confirmed,161.88,,,,,
7ae519bd21e94596,,50 Biscayne,168.9,,,,,,,138.7,7,67.6,disputed,,,,,,
995c617a639a8044,,Panorama Tower,265.0,,,,,,,246.0,8,93.6,confirmed,252.18,,,,,
6e7b056b68419ac8,,The Guild Downtown X Miami,125.0,,,,,,,93.9,7,115.0,confirmed,106.51,,,,,
d1da209e8317e114,,Wells Fargo Center,197.0,,,,,,,201.1,10,73.9,confirmed,198.26,,,,,
4781f12d1f5d3130,,One Miami,147.2,,,,,,,131.6,9,55.2,confirmed,137.37,,,,,
5266b58f58e780fe,,100 Biscayne,128.0,,,,,,,112.8,7,30.2,confirmed,106.37,,,,,
8e9e4b872b94083c,,,48.0,,,,,,,112.9,1,0.0,tiles_only,44.74,,,,,
78f83710f7dce4d6,,,48.0,,,,,,,55.7,1,0.0,tiles_only,15.13,,,,,
d1301ca7976c8b1e,,,45.0,,,,,,,62.5,1,0.0,tiles_only,42.05,,,,,
5d187e3ee0a397f8,,,56.0,,,,,,,-33.5,2,143.1,tiles_only,52.76,,,,,
3dd4ff75c3794fe9,,,40.0,,,,,,,43.4,1,0.0,tiles_only,39.12,,,,,
2e9929763a29bfbd,,,68.0,,,,,,,-21.6,1,0.0,tiles_only,61.63,,,,,
0e240b3dd8036ec1,,,76.0,,,,,,,228.6,1,0.0,tiles_only,71.37,,,,,
50dc6a5d2d3dfd98,,,45.0,,,,,,,63.3,1,0.0,tiles_only,42.03,,,,,
02dcbf68a25bf958,,,55.0,,,,,,,-32.1,1,0.0,tiles_only,51.45,,,,,
96ed11d63aba0a90,,,82.0,,,,,,,113.3,1,0.0,tiles_only,80.17,,,,,
07f47faf1b8a5281,,,48.0,,,,,,,107.1,2,93.0,tiles_only,33.95,,,,,
ed22ee6dbcc7f390,,Richard E. Gerstein Justice Building,48.0,,,,,,,-11.8,1,0.0,tiles_only,43.27,,,,,
55a96bf455eed434,,One Tequesta Point,97.0,,,,,,,94.2,6,19.0,confirmed,95.18,,,,,
6f6d5299555c88a6,,Two Tequesta Point,128.0,,,,,,,126.5,8,36.0,confirmed,126.81,,,,,
3b986a6e5bc36cb3,,Three Tequesta Point,146.0,,,,,,,144.8,9,22.0,confirmed,147.49,,,,,
cb12cf9099a506fe,,Brickell on the River North Tower,147.0,,,,,,,125.4,3,23.8,confirmed,136.31,,,,,
27d68f5dead99396,,Icon Brickell North Tower,179.0,,,,,,,187.6,6,63.7,confirmed,187.86,,,,,
fb6e48d56b877d8a,,YVE Hotel Miami,58.0,,,,,,,63.8,2,3.9,confirmed,60.08,,,,,
7f9c0b2fd973db89,,Citadel HQ,188.0,,,,,,,145.0,6,227.7,tiles_only,0.86,,,,,
fdfb76c8a553b9d0,,Brickell Key I,72.9,,,,,,,81.7,7,32.4,confirmed,67.58,,,,,
2823c21b0f50bbf0,,The Congress Building,74.3,,,,,,,70.5,2,22.4,confirmed,70.66,,,,,
5bc4c05ad84dc79a,,,120.4,,,,,,,179.4,1,0.0,confirmed,116.92,,,,,
7e18d270324a88f8,,Alfred DuPont Building,79.2,,,,,,,81.7,3,3.6,confirmed,78.78,,,,,
ebd4e00aebc22055,,,71.0,,,,,,,115.7,3,1.8,confirmed,67.87,,,,,
39fd1dd0871b7b9c,,,83.0,,,,,,,81.6,4,56.4,tiles_only,77.19,,,,,
b47de083f305545c,,,65.0,,,,,,,88.4,3,13.7,tiles_only,61.59,,,,,
529570ae75ae7175,,,168.0,,,,,,,128.6,3,8.9,confirmed,18.91,,,,,
4fccc5a2602661df,,Paramount Bay,168.0,,,,,,,147.3,3,3.5,confirmed,162.0,,,,,
86ccdbe1db3f72c3,,Aria on the Bay,173.0,,,,,,,162.3,4,15.7,confirmed,161.98,,,,,
95c00fef945c5039,,,145.7,,,,,,,169.2,1,0.0,confirmed,143.33,,,,,
a2131489d4380e6b,,,165.9,,,,,,,167.8,3,3.7,confirmed,164.03,,,,,
bbf5691afa2412e9,,,115.5,,,,,,,115.2,3,5.5,confirmed,107.19,,,,,
c962a929ab176da2,,,168.5,,,,,,,181.6,3,10.9,confirmed,27.91,,,,,
8f11d2fac7cec181,,4 Midtown,112.0,,,,,,,99.1,3,55.8,tiles_only,116.37,,,,,
0d6e822b8da9108f,,Charter Club On Biscayne Bay,79.0,,,,,,,86.5,2,47.7,tiles_only,66.74,,,,,
d135c7fda3041615,,,98.0,,,,,,,92.9,3,280.6,tiles_only,96.04,,,,,
5b151b82e3c11d9d,,,74.0,,,,,,,51.4,2,2.6,tiles_only,71.87,,,,,
8d68214d284a82a7,,,85.0,,,,,,,107.5,2,0.1,tiles_only,85.66,,,,,
8e5cc998a9662524,,The Hamilton,93.0,,,,,,,121.8,2,99.4,tiles_only,86.82,,,,,
56f87d99a2e7559e,,Icon Bay,157.0,,,,,,,135.8,2,0.1,tiles_only,138.72,,,,,
f12077c6c209ea11,,Gran Paraiso,179.0,,,,,,,193.7,2,1.0,tiles_only,185.56,,,,,
774ae663786848f6,,Paraiso Bay,176.0,,,,,,,177.8,2,15.5,tiles_only,167.17,,,,,
97ec5d368135f0a8,,One Paraiso,173.0,,,,,,,172.2,2,3.7,tiles_only,169.61,,,,,
0428058cf09419c5,,Paraiso Bayviews,147.0,,,,,,,151.1,2,7.3,tiles_only,152.0,,,,,
d8b73aac2389330b,,Biscayne Beach,168.0,,,,,,,183.3,2,1.7,tiles_only,178.37,,,,,
9aeda10d06eed49f,,,118.4,,,,,,,117.2,2,1.7,tiles_only,115.91,,,,,
10a33ae414442e8d,,Kaseya Center,49.0,,,,,,,77.5,1,0.0,confirmed,43.38,,,,,
28437a8af199c8a1,,The Imperial,102.0,,,,,,,77.2,3,118.7,confirmed,81.27,,,,,
cf89e384a7eff8d5,,1050 Brickell Avenue,127.0,,,,,,,150.0,1,0.0,confirmed,124.9,,,,,
2821421438ddbe74,,1060 Brickell Avenue,161.0,,,,,,,140.5,2,8.4,confirmed,159.5,,,,,
d77e9ab52bc53d51,,Icon Brickell South Tower,179.0,,,,,,,177.6,6,47.3,confirmed,184.72,,,,,
554e2384ca5d06ad,,One Brickell Square,190.0,,,,,,,176.3,2,58.8,confirmed,111.51,,,,,
54c76c557fa82772,,Plaza on Brickell Tower I,190.0,,,,,,,164.6,2,30.9,confirmed,183.82,,,,,
9d75000dfc66aa22,,Plaza on Brickell Tower II,143.0,,,,,,,156.9,3,21.8,confirmed,141.84,,,,,
7093d4bc620761cd,,Sabadell Financial Center,131.0,,,,,,,119.7,2,28.4,tiles_only,125.64,,,,,
22152c30220c5afb,,Brickell on the River South Tower,129.0,,,,,,,137.0,1,0.0,confirmed,141.94,,,,,
9df47a3fcb193399,,Santa Maria,160.0,,,,,,,75.9,3,93.4,confirmed,156.23,,,,,
32539cc156ea1863,,Brickell Bay Club,96.0,,,,,,,55.1,1,0.0,confirmed,89.53,,,,,
98f9547a396fbbf1,,Bezel,207.0,,,,,,,176.5,2,66.0,disputed,,,,,,
97d5c4ebe8aa459e,,,88.0,,,,,,,131.0,1,0.0,confirmed,83.93,,,,,
3b6d52d04c9bff07,,,67.0,,,,,,,107.6,1,0.0,confirmed,61.45,,,,,
a3e4fb59f40b36b6,,Flow Miami,135.0,,,,,,,201.7,2,34.6,confirmed,144.15,,,,,
b3e70d2e598fa92c,,The Elser Hotel Miami,160.0,,,,,,,154.6,2,1.0,disputed,,,,,,
32e556f56f5562cc,,830 Brickell,220.0,,,,,,,224.9,3,39.0,disputed,,,,,,
c311df48fb780501,,Echo Brickell,194.0,,,,,,,173.4,4,78.8,confirmed,194.05,,,,,
3328fe3215843274,,Four Seasons Hotel & Tower,240.0,,,,,,,260.9,6,71.5,confirmed,236.04,,,,,
6a7f50084ea55a51,,,160.0,,,,,,,182.3,2,35.3,disputed,,,,,,
b5c7303152146950,,,121.6,,,,,,,111.7,3,80.9,confirmed,118.08,,,,,
725f3ee8f239cc65,,,105.0,,,,,,,98.9,8,48.3,confirmed,95.92,,,,,
01928788b9975cc4,,Federal Detention Center Miami,83.2,,,,,,,176.0,1,0.0,confirmed,77.83,,,,,
5f41ac6b06e30057,,Espirito Santo Plaza,154.0,,,,,,,157.5,3,85.2,tiles_only,147.36,,,,,
2a945c6875bd6314,,The Palace,121.2,,,,,,,122.4,4,50.4,confirmed,116.81,,,,,
c918bb91bc6f9bd1,,Bayfront Plaza,78.0,,,,,,,59.2,1,0.0,confirmed,75.11,,,,,
dc79e906aa094f96,,Overtown Transit Village South,95.4,,,,,,,185.5,1,0.0,confirmed,87.39,,,,,
6cdd28cb369af194,,,210.0,,,,,,,240.6,2,60.1,confirmed,205.68,,,,,
ffba8a1c02f06b5f,,Epic Residences & Hotel,183.0,,,,,,,180.6,8,150.4,confirmed,174.85,,,,,
5b4c756b3830b292,,Museum Tower,114.9,,,,,,,148.3,2,145.8,confirmed,106.53,,,,,
1fbd17b94957f7e4,,Brickell Place,80.0,,,,,,,65.0,2,34.9,confirmed,72.37,,,,,
e6a752f9353293a1,,Brickell Place,70.0,,,,,,,54.1,2,32.2,confirmed,52.92,,,,,
3b15846f35ef7a02,,Brickell Place,74.0,,,,,,,54.7,2,33.8,confirmed,66.78,,,,,
dce6aa5a4a3298f4,,Brickel Place,70.0,,,,,,,91.2,1,0.0,confirmed,67.37,,,,,
6f097fd1d1ee8270,,Jade Residences at Brickell Bay,163.0,,,,,,,188.6,1,0.0,confirmed,159.71,,,,,
2e06f20ec7640571,,Axis at Brickell Village Tower 1,127.0,,,,,,,128.7,1,0.0,confirmed,123.05,,,,,
1ba6540ab04278fb,,Axis at Brickell Village Tower 2,127.0,,,,,,,181.9,1,0.0,confirmed,122.18,,,,,
40af9973ba3fd17e,,Villa Regina,99.0,,,,,,,82.3,1,0.0,confirmed,95.7,,,,,
32d6aecce2b2bf66,,Brickell House,161.0,,,,,,,206.5,1,0.0,confirmed,155.24,,,,,
1272b09b8a641701,,Infinity at Brickell,186.0,,,,,,,195.9,1,0.0,confirmed,179.39,,,,,
33a21d7db0ddda9d,,City Heights,77.0,,,,,,,76.1,2,6.4,confirmed,71.27,,,,,
63b140aa3f520590,,,143.5,,,,,,,125.2,2,27.9,confirmed,144.41,,,,,
59e2a53ed0354b98,,,72.5,,,,,,,60.2,1,0.0,confirmed,67.43,,,,,
0ac9d65761253081,,,169.0,,,,,,,154.5,1,0.0,confirmed,162.39,,,,,
f84403ff49df4a0b,,1450 Brickell,154.6,,,,,,,159.4,4,44.5,confirmed,144.45,,,,,
636b4ef8acd8bb05,,One Broadway,125.1,,,,,,,122.0,1,0.0,confirmed,121.71,,,,,
69d50b9772343fd7,,SLS Lux,188.8,,,,,,,201.7,1,0.0,tiles_only,197.98,,,,,
7eb63b39fdce2dd1,,Brickell East Tower,82.0,,,,,,,90.1,1,0.0,confirmed,80.0,,,,,
5e142008d3eaa517,,The Costa Bella,62.0,,,,,,,57.8,1,0.0,confirmed,59.31,,,,,
6b650b23a068b4f4,,Skyline on Brickell,112.0,,,,,,,125.5,1,0.0,confirmed,112.49,,,,,
93ae3381cbe6949c,,Bristol Tower,124.0,,,,,,,133.0,1,0.0,confirmed,119.56,,,,,
d1480e695242a13e,,,100.0,,,,,,,85.0,5,38.5,confirmed,97.53,,,,,
5e06d75461cbbc05,,Isola,68.0,,,,,,,90.0,1,0.0,confirmed,66.4,,,,,
e3b79cdd31bb5afd,,Brickell World Plaza,160.0,,,,,,,165.3,5,43.6,confirmed,156.33,,,,,
dc1fe7b9374091db,,,128.0,,,,,,,173.2,2,26.7,confirmed,158.56,,,,,
8734827ae0150780,,,124.0,,,,,,,131.2,2,7.0,confirmed,125.86,,,,,
671d3ad27dfd559d,,Brickell Key II,60.8,,,,,,,71.3,1,0.0,confirmed,54.75,,,,,
994adda482420173,,Carbonell Condominium,120.0,,,,,,,135.2,1,0.0,confirmed,125.81,,,,,
329538f840226e72,,Courvoisier Courts,87.2,,,,,,,79.4,2,19.6,confirmed,85.06,,,,,
8141c1be7e4f2794,,Wind,125.7,,,,,,,183.9,1,0.0,confirmed,129.12,,,,,
03a5e363f58a78b0,,Melody Tower,142.0,,,,,,,159.4,2,7.0,confirmed,122.95,,,,,
1482f18bb3caf188,,W Miami,142.0,,,,,,,166.2,3,17.1,confirmed,167.33,,,,,
efa259ab0d3e1fa2,,701 Brickell Avenue,150.0,,,,,,,144.4,3,7.2,confirmed,136.63,,,,,
4430992bd1007fd8,,500 Brickell East Tower,130.0,,,,,,,147.1,3,38.4,confirmed,131.53,,,,,
9007235a78e875d8,,500 Brickell West Tower,130.0,,,,,,,144.0,2,22.2,confirmed,134.31,,,,,
0c75978f67cbd4da,,Courts Brickell Key,112.0,,,,,,,104.0,1,0.0,confirmed,106.06,,,,,
a2433aaa0ff6fa02,,,45.3,,,,,,,64.0,1,0.0,confirmed,42.43,,,,,
069b4ac4bd92c328,,,40.0,,,,,,,36.5,1,0.0,tiles_only,37.75,,,,,
8a61b550bc2e8d88,,,56.0,,,,,,,14.5,1,0.0,tiles_only,51.49,,,,,
530e371bbe0d8f1f,,,48.0,,,,,,,82.0,1,0.0,tiles_only,40.89,,,,,
91f7422a285319e7,,,77.0,,,,,,,29.2,1,0.0,confirmed,75.26,,,,,
d10273f3fa3fa0c3,,,76.9,,,,,,,29.7,1,0.0,confirmed,74.94,,,,,
96fd942d0f692198,,InterContinental Miami,122.0,,,,,,,118.5,1,0.0,confirmed,111.23,,,,,
816a73df3c7f83c8,,"EAST, Miami",131.2,,,,,,,53.1,1,0.0,tiles_only,162.83,,,,,
9f954e3e4cd626e4,,,128.0,,,,,,,73.3,1,0.0,tiles_only,160.66,,,,,
030ea603f2e3015f,,,160.0,,,,,,,211.9,1,0.0,confirmed,145.25,,,,,
5f20f8dc0f3e0c5d,,Building 7000,52.0,,,,,,,32.5,1,0.0,confirmed,37.05,,,,,
6826ee64d5d2b85a,,Courvoisier Centre II,42.0,,,,,,,52.1,3,173.3,confirmed,56.11,,,,,
c8e64f525f932765,,The Club at Brickell Bay,127.0,,,,,,,136.0,2,0.0,confirmed,122.41,,,,,
6054005d5a6ac3d1,,JW Marriott,128.0,,,,,,,130.9,2,0.0,confirmed,74.83,,,,,
38cb09571eff661c,,,160.0,,,,,,,156.1,1,0.0,confirmed,148.32,,,,,
fcc3446e59f1e7ac,,,155.0,,,,,,,162.1,1,0.0,confirmed,143.14,,,,,
7c01af2661b9ab89,,,115.2,,,,,,,96.0,2,27.2,confirmed,110.54,,,,,
0a146299394ef98c,,Muze at Met,166.0,,,,,,,159.3,2,4.3,confirmed,148.78,,,,,
89d218e2221305fe,,Brickell Bay Office Tower,106.0,,,,,,,118.8,1,0.0,confirmed,114.77,,,,,
14112a79c0735bfb,,,74.0,,,,,,,118.1,1,0.0,confirmed,66.09,,,,,
d69d43e09021cf82,,Belle Plaza,56.0,,,,,,,38.4,1,0.0,confirmed,54.11,,,,,
065957750b23554c,,Southgate Towers North,48.0,,,,,,,57.3,2,5.9,confirmed,44.94,,,,,
224601a0e30daddb,,Southgate Towers South,48.0,,,,,,,45.7,2,18.2,confirmed,49.54,,,,,
709cbc647093e0e2,,Mirador Apartments South Tower,58.0,,,,,,,39.2,2,60.9,confirmed,54.03,,,,,
28c0e17c0adb6116,,Mondrian South Beach Hotel,58.0,,,,,,,57.6,1,0.0,confirmed,54.38,,,,,
a04d4e59e76d37da,,Mirador Apartments North Tower,58.0,,,,,,,56.9,2,4.4,confirmed,53.52,,,,,
2857c48bfc9920db,,Bayview Terrace,51.0,,,,,,,81.2,1,0.0,confirmed,49.02,,,,,
d53da57256d75ace,,Flamingo Point,106.0,,,,,,,116.1,2,5.2,confirmed,102.25,,,,,
125ca16bb3770294,,Nine Island Avenue,83.0,,,,,,,19.6,1,0.0,confirmed,77.97,,,,,
e91418ee9daa88b9,,,41.0,,,,,,,62.5,1,0.0,confirmed,41.97,,,,,
e85a33fe40293eb4,,Council Towers North,46.0,,,,,,,33.2,1,0.0,confirmed,41.79,,,,,
3f41697c09abaf03,,Old City Hall,43.0,,,,,,,30.8,1,0.0,confirmed,40.09,,,,,
6f23c6f6a85d344f,,The Waverly,118.0,,,,,,,167.2,2,5.6,confirmed,107.01,,,,,
5623b58cd99a829f,,LoanDepot Park,79.0,,,,,,,62.9,1,0.0,tiles_only,76.21,,,,,
d869eae8bb889404,,,43.0,,,,,,,44.0,1,0.0,tiles_only,41.12,,,,,
11dae1975cee71f7,,,46.0,,,,,,,44.7,1,0.0,tiles_only,43.83,,,,,
8fdf72d0d95a4655,,,58.0,,,,,,,43.5,1,0.0,tiles_only,53.46,,,,,
88a36dcfd6e8f92c,,,40.0,,,,,,,86.7,1,0.0,tiles_only,34.28,,,,,
ebf8f79f5da3b9d3,,Canvas,122.0,,,,,,,125.2,1,0.0,confirmed,126.35,,,,,
f4c3a1abb9c6545f,,,160.0,,,,,,,174.5,1,0.0,confirmed,154.68,,,,,
06ecc59e511ea88d,,,220.0,,,,,,,174.1,1,0.0,confirmed,214.25,,,,,
89d3bdf1d93dca06,,One Thousand Museum,216.0,,,,,,,189.8,1,0.0,confirmed,214.21,,,,,
b0cb3b3a89e73b69,,900 Biscayne Bay,200.0,,,,,,,158.2,1,0.0,confirmed,197.4,,,,,
5a7db7c00c86e8eb,,MarinaBlue,187.0,,,,,,,185.1,1,0.0,confirmed,185.42,,,,,
ff5f2fdfc5cd431a,,Marquis Miami,212.1,,,,,,,196.5,1,0.0,confirmed,214.18,,,,,
343d4ee34f546874,,Square Station,112.0,,,,,,,169.7,1,0.0,confirmed,108.62,,,,,
743560c7e3975311,,Art Plaza,118.4,,,,,,,142.9,1,0.0,confirmed,114.47,,,,,
d68d8744dd1463db,,Miami Plaza,115.2,,,,,,,112.0,1,0.0,disputed,,,,,,
19fb508e21a6b92e,,,112.0,,,,,,,95.1,1,0.0,tiles_only,124.75,,,,,
a8ed3daa409a8c01,,The Grand Venetian Condominium,83.0,,,,,,,52.9,1,0.0,confirmed,78.58,,,,,
dd0ea58d1f8692c3,,The Floridian Apartments,109.0,,,,,,,33.3,1,0.0,confirmed,101.6,,,,,
4e9bce493ff60dee,,Bentley Bay North Tower,80.0,,,,,,,-10.2,1,0.0,confirmed,77.98,,,,,
9f4d26b268344bef,,Bentley Bay South Tower,86.0,,,,,,,113.3,1,0.0,confirmed,83.45,,,,,
04a0bb3cc2019e2f,,Flamingo Point,51.0,,,,,,,-60.3,1,0.0,confirmed,45.69,,,,,
c1915b9f799250fb,,Continuum at South Beach II,130.0,,,,,,,141.7,1,0.0,confirmed,125.03,,,,,
fb60bbf5852e2a65,,,63.0,,,,,,,53.0,1,0.0,confirmed,60.43,,,,,
