city,lat,lon,area_m2,perimeter_m,n_vertices,osm_tag_m,height_source,truth_m
benidorm,38.540393,-0.106393,52.1,30.9,10,41.6,osm_levels,39.66
benidorm,38.540771,-0.106659,42.5,31.0,11,51.2,osm_levels,54.55
benidorm,38.546705,-0.11556,24.6,20.0,5,,default,2.85
benidorm,38.5458,-0.111744,123.8,55.6,11,9.6,osm_levels,6.74
benidorm,38.54449,-0.121316,268.7,75.8,29,131.20000000000002,osm_levels,133.39
benidorm,38.544492,-0.121317,415.9,115.1,45,131.20000000000002,osm_levels,133.25
benidorm,38.545048,-0.121082,20.3,20.3,7,96.0,osm_levels,93.53
benidorm,38.545089,-0.120993,145.4,68.6,26,99.2,osm_levels,95.81
benidorm,38.545082,-0.120991,524.0,142.6,25,99.2,osm_levels,95.23
benidorm,38.545084,-0.120886,26.9,29.6,11,96.0,osm_levels,92.39
benidorm,38.54232,-0.117992,167.1,66.2,9,102.4,osm_levels,96.35
benidorm,38.54237,-0.117982,61.1,32.0,5,105.6,osm_levels,99.14
benidorm,38.542356,-0.118129,51.2,41.2,8,92.8,osm_levels,93.99
benidorm,38.542339,-0.117988,410.7,103.7,22,105.6,osm_levels,98.65
benidorm,38.545781,-0.121643,438.0,103.3,25,99.2,osm_levels,93.61
benidorm,38.545783,-0.121644,251.7,99.0,19,96.0,osm_levels,93.13
benidorm,38.544804,-0.117654,71.3,39.9,13,70.4,osm_levels,63.75
benidorm,38.542058,-0.104732,62.3,39.8,10,57.6,osm_levels,51.66
benidorm,38.542005,-0.104767,117.1,63.7,15,54.400000000000006,osm_levels,50.8
benidorm,38.546355,-0.123716,8.4,14.5,5,70.4,osm_levels,72.53
benidorm,38.544724,-0.124666,17.4,21.0,7,54.400000000000006,osm_levels,50.77
benidorm,38.546535,-0.123212,8.5,18.6,6,76.80000000000001,osm_levels,53.37
benidorm,38.553459,-0.108284,834.8,128.7,8,,default,8.91
benidorm,38.546572,-0.123037,285.2,110.7,31,89.60000000000001,osm_levels,85.99
benidorm,38.544213,-0.117029,38.7,26.0,5,89.60000000000001,osm_levels,81.84
benidorm,38.546563,-0.12303,507.6,114.1,25,99.2,osm_levels,85.8
benidorm,38.54407,-0.116969,1631.5,184.9,17,89.60000000000001,osm_levels,80.69
benidorm,38.544136,-0.116977,522.0,127.9,18,86.4,osm_levels,80.94
benidorm,38.546553,-0.12292,22.6,27.4,12,57.6,osm_levels,83.39
benidorm,38.54657,-0.122868,16.4,30.4,12,48.0,osm_levels,83.04
benidorm,38.546824,-0.122453,45.6,28.1,5,57.6,osm_levels,52.73
benidorm,38.546809,-0.122448,167.5,65.8,19,57.6,osm_levels,52.7
benidorm,38.539893,-0.106234,68.9,46.8,23,48.0,osm_levels,50.88
benidorm,38.5399,-0.10618,282.4,87.7,27,51.2,osm_levels,48.99
benidorm,38.545807,-0.11178,51.2,28.7,5,9.6,osm_levels,6.73
benidorm,38.545361,-0.112837,62.5,37.0,7,9.6,osm_levels,6.12
benidorm,38.545361,-0.112839,37.2,25.2,5,9.6,osm_levels,6.14
benidorm,38.545344,-0.112889,36.1,25.0,5,9.6,osm_levels,6.24
benidorm,38.545357,-0.112895,50.2,31.0,5,9.6,osm_levels,6.23
benidorm,38.543396,-0.109886,162.9,57.6,13,9.6,osm_levels,6.48
benidorm,38.54339,-0.10985,80.5,36.4,5,9.6,osm_levels,6.49
benidorm,38.545501,-0.112363,53.5,32.6,7,6.4,osm_levels,4.71
boston,42.370822,-71.067046,124.4,55.1,5,,default,9.69
boston,42.370878,-71.068847,2845.2,246.2,5,,default,10.88
boston,42.367422,-71.070961,9618.4,725.5,45,,default,30.8
boston,42.364552,-71.068726,1511.4,188.2,23,60.8,osm_levels,49.91
boston,42.370192,-71.071685,5194.7,411.2,17,,default,70.72
boston,42.364551,-71.069287,854.9,124.9,9,51.2,osm_levels,53.55
boston,42.36516,-71.068857,1073.7,131.6,5,80.0,osm_levels,68.72
boston,42.36434,-71.068032,1751.8,216.9,11,38.400000000000006,osm_levels,42.13
boston,42.365407,-71.067442,1154.9,136.5,5,80.0,osm_levels,73.78
boston,42.366821,-71.068971,1081.2,141.6,13,,default,10.71
boston,42.369966,-71.072018,1148.9,136.0,5,80.0,osm_levels,71.69
boston,42.36722,-71.074519,2551.0,277.3,18,,default,44.62
boston,42.369967,-71.073145,2921.9,356.3,30,73.60000000000001,osm_levels,85.14
boston,42.369985,-71.07064,2453.1,202.9,5,32.0,osm_levels,41.87
boston,42.363691,-71.068611,1999.1,182.3,5,51.2,osm_levels,66.58
boston,42.366491,-71.070392,325.5,84.5,5,,default,10.64
boston,42.367402,-71.070979,12219.6,714.8,47,16.0,osm_levels,30.45
boston,42.368687,-71.073222,386.1,117.1,9,,default,11.48
boston,42.367934,-71.071962,218.4,53.1,16,,default,23.8
boston,42.3674,-71.071747,1008.7,142.3,5,,default,17.8
boston,42.364582,-71.070584,777.4,127.4,7,,default,1.5
boston,42.37164,-71.068286,250.5,63.6,5,,default,8.82
boston,42.361086,-71.072098,18.6,15.8,9,,default,13.93
boston,42.371414,-71.067829,356.4,119.6,17,,default,30.8
boston,42.370689,-71.068115,35.2,28.6,5,,default,3.38
boston,42.374841,-71.064333,670.6,142.3,13,,default,11.52
boston,42.370643,-71.060501,1490.6,220.4,19,,default,30.16
boston,42.369573,-71.064042,76.8,35.1,5,,default,58.38
boston,42.371014,-71.07067,2921.7,277.1,9,41.6,osm_levels,49.2
boston,42.369854,-71.073422,517.1,95.3,9,67.2,osm_levels,65.91
boston,42.36654,-71.075174,3963.4,332.7,24,35.2,osm_levels,40.62
boston,42.363729,-71.06804,889.6,140.4,5,51.2,osm_levels,63.16
boston,42.361957,-71.078726,17.0,15.1,9,,default,13.43
boston,42.369626,-71.065937,24.9,30.1,5,,default,10.75
boston,42.357295,-71.07369,670.9,123.9,23,,default,14.4
boston,42.367895,-71.064879,2007.4,285.4,30,,default,40.88
boston,42.37409,-71.064636,113.2,45.5,5,,default,13.75
boston,42.374131,-71.064503,179.4,71.0,14,,default,11.25
boston,42.37411,-71.064299,135.2,46.7,5,,default,12.85
boston,42.367184,-71.063316,865.0,382.6,5,,default,12.63
boston,42.367193,-71.063146,838.3,343.8,5,,default,13.51
boston,42.370069,-71.073136,1765.3,219.1,24,73.60000000000001,osm_levels,85.44
boston,42.362626,-71.068249,3097.7,240.4,15,28.8,osm_levels,38.85
boston,42.367375,-71.062638,427.0,88.2,8,,default,22.71
boston,42.337073,-71.060955,429.2,113.3,11,,default,9.12
boston,42.336413,-71.061808,11612.2,655.8,9,,default,10.34
boston,42.337549,-71.063291,1121.1,235.8,9,,default,10.04
boston,42.338137,-71.067807,2890.4,264.6,13,,default,15.48
boston,42.339379,-71.064786,1080.6,161.4,7,9.6,osm_levels,10.1
boston,42.341209,-71.060927,4451.0,317.7,5,16.0,osm_levels,19.23
boston,42.339913,-71.061373,875.0,139.7,7,,default,8.66
boston,42.338254,-71.065891,2868.5,244.3,7,,default,8.04
boston,42.350433,-71.090234,1532.9,268.2,46,,default,19.54
boston,42.350767,-71.090752,1091.1,141.6,11,,default,21.95
boston,42.350551,-71.088157,2998.8,485.9,66,,default,25.3
boston,42.336435,-71.063267,797.6,117.4,7,,default,9.93
boston,42.3515,-71.086149,1560.0,234.3,37,,default,19.14
boston,42.353267,-71.079419,636.4,102.0,7,,default,28.7
boston,42.353541,-71.080693,946.5,140.7,10,,default,20.3
boston,42.354047,-71.078926,981.3,130.4,9,,default,24.44
boston,42.374868,-71.065043,485.1,101.7,17,,default,10.57
boston,42.373634,-71.064229,525.2,138.8,13,,default,21.09
boston,42.354088,-71.078492,978.2,170.1,16,,default,24.98
boston,42.335459,-71.058131,7163.9,462.9,23,,default,11.9
boston,42.351961,-71.084421,2586.7,351.7,50,,default,21.26
boston,42.352859,-71.08092,474.8,89.4,5,,default,30.21
boston,42.362084,-71.070247,2869.2,341.7,24,,default,53.08
boston,42.342181,-71.061302,163.1,52.0,5,,default,6.95
boston,42.338013,-71.063374,1651.7,227.8,9,,default,6.88
boston,42.36931,-71.074596,2732.9,346.9,5,28.8,osm_levels,31.77
boston,42.335922,-71.063102,1528.4,174.6,9,,default,10.88
boston,42.335421,-71.063604,1677.4,165.3,5,,default,10.41
boston,42.336034,-71.063668,104.1,41.2,5,,default,3.31
boston,42.373917,-71.070365,1562.6,656.3,19,,default,23.37
boston,42.373395,-71.070094,122.5,44.8,5,,default,6.88
boston,42.371551,-71.071742,3306.0,236.5,11,67.2,osm_levels,74.52
boston,42.339764,-71.059231,11504.3,506.8,7,,default,10.61
boston,42.370331,-71.071253,1058.3,130.8,5,80.0,osm_levels,71.87
boston,42.338803,-71.067256,1637.9,218.7,14,,default,19.3
boston,42.372733,-71.069766,188.2,55.7,5,,default,2.88
boston,42.360749,-71.068929,284.6,70.5,7,19.200000000000003,osm_levels,18.32
boston,42.360937,-71.069231,399.0,86.3,7,19.200000000000003,osm_levels,19.69
boston,42.364017,-71.069342,1284.8,178.2,10,25.6,osm_levels,41.76
boston,42.363799,-71.069565,633.2,116.2,7,,default,50.96
boston,42.362331,-71.070293,894.5,137.2,9,44.8,osm_levels,53.3
boston,42.36448,-71.077137,5343.6,310.9,5,44.8,osm_levels,45.33
boston,42.360184,-71.071053,1151.8,157.0,5,,default,20.59
boston,42.363909,-71.077643,201.7,57.2,5,19.200000000000003,osm_levels,22.25
boston,42.370437,-71.069364,35.8,34.5,13,,default,5.04
boston,42.336051,-71.066612,5174.3,313.4,25,32.0,osm_levels,27.73
boston,42.360612,-71.07127,787.4,185.7,24,19.200000000000003,osm_levels,19.84
boston,42.36592,-71.068063,826.2,170.6,9,9.6,osm_levels,8.79
boston,42.363814,-71.066154,1606.3,193.4,21,54.400000000000006,osm_levels,51.74
boston,42.33894,-71.066217,1274.5,205.1,7,,default,20.63
boston,42.37125,-71.067835,111.9,49.2,7,,default,25.24
boston,42.337584,-71.068214,1474.0,171.4,13,,default,21.88
boston,42.369824,-71.068737,2389.6,204.7,5,41.6,osm_levels,54.09
boston,42.338328,-71.063403,40.9,33.1,5,,default,4.32
boston,42.366712,-71.067755,450.4,214.2,34,,default,15.88
boston,42.365699,-71.066685,1510.8,188.9,21,51.2,osm_levels,51.58
boston,42.339596,-71.061642,285.9,76.9,9,,default,6.25
boston,42.33846,-71.066995,1517.0,190.9,10,,default,19.7
boston,42.339973,-71.0685,289.2,73.3,7,,default,10.61
boston,42.351116,-71.087553,676.8,130.5,22,,default,20.58
boston,42.340599,-71.066874,5124.2,367.1,18,,default,25.05
boston,42.334265,-71.065785,8026.1,391.6,12,,default,18.76
boston,42.339432,-71.069244,1081.6,156.7,13,,default,14.06
boston,42.333545,-71.061334,102.1,41.8,5,,default,5.95
boston,42.373787,-71.062312,608.5,159.9,24,,default,13.74
boston,42.333045,-71.060722,11977.8,665.3,19,,default,14.56
boston,42.333206,-71.067598,5411.9,309.1,7,,default,6.61
boston,42.353057,-71.079182,407.4,87.8,9,,default,21.17
boston,42.339171,-71.069147,470.4,88.8,5,,default,12.33
boston,42.374447,-71.064438,357.9,86.8,11,,default,13.05
boston,42.365506,-71.075795,29.4,25.0,5,,default,9.16
boston,42.339298,-71.067905,3345.6,487.5,29,,default,23.51
boston,42.339528,-71.067429,985.4,158.8,10,,default,12.7
boston,42.373976,-71.061522,1072.7,150.2,7,,default,27.45
boston,42.373271,-71.061908,507.4,111.4,11,,default,14.01
boston,42.374671,-71.064008,351.8,76.8,5,,default,10.14
boston,42.336913,-71.058135,1655.3,220.2,9,,default,7.74
boston,42.354217,-71.078221,414.5,101.8,8,,default,23.84
boston,42.361194,-71.083576,1511.6,156.1,5,,default,24.86
boston,42.352651,-71.080402,1277.9,164.7,20,,default,21.1
boston,42.35357,-71.080382,309.5,71.2,7,,default,25.16
boston,42.354318,-71.077882,1529.2,169.3,16,,default,24.99
boston,42.354407,-71.077513,873.3,134.0,13,,default,26.11
boston,42.354052,-71.075163,538.7,95.6,11,,default,22.0
boston,42.354954,-71.075359,958.5,161.3,14,,default,26.36
boston,42.373033,-71.065137,116.4,48.5,7,,default,15.51
boston,42.353087,-71.080197,2357.6,265.7,31,,default,23.28
boston,42.353774,-71.079717,626.2,100.4,9,,default,23.2
boston,42.37956,-71.070371,466.9,142.7,25,,default,11.85
boston,42.374001,-71.063528,314.2,77.3,11,,default,13.57
boston,42.336843,-71.060639,52.1,29.6,5,,default,3.65
boston,42.373812,-71.063798,296.3,76.4,11,,default,13.88
boston,42.334326,-71.068103,17547.8,799.6,36,,default,38.9
boston,42.336488,-71.056644,6354.2,365.0,11,,default,5.67
boston,42.354602,-71.076878,1077.4,143.8,7,60.8,osm_levels,54.98
boston,42.369286,-71.07961,3584.7,250.5,5,73.60000000000001,osm_levels,90.78
boston,42.36367,-71.080429,93.6,34.7,13,,default,17.45
boston,42.334908,-71.063459,716.9,112.9,7,,default,10.0
boston,42.362352,-71.081607,2198.1,210.0,12,60.8,osm_levels,73.99
boston,42.363611,-71.079264,4984.0,389.5,27,51.2,osm_levels,63.84
boston,42.361588,-71.081333,3591.9,264.0,10,57.6,osm_levels,74.22
boston,42.372769,-71.072467,4768.3,303.3,16,41.6,osm_levels,78.35
boston,42.363689,-71.079665,101.3,42.0,11,64.0,osm_levels,69.68
boston,42.363688,-71.079665,716.0,125.0,5,57.6,osm_levels,69.55
boston,42.363688,-71.079668,1591.3,169.9,13,57.6,osm_levels,69.09
boston,42.335522,-71.063063,1117.8,143.4,7,,default,10.2
boston,42.355096,-71.075057,284.6,93.1,5,,default,24.66
boston,42.363906,-71.081405,2975.7,234.0,7,38.400000000000006,osm_levels,56.98
boston,42.363907,-71.081404,2975.7,234.0,7,41.6,osm_levels,56.98
boston,42.338514,-71.069283,2479.2,297.0,17,38.400000000000006,osm_levels,43.03
boston,42.33625,-71.067337,16.6,16.5,5,,default,5.04
boston,42.368379,-71.073298,221.6,59.9,5,,default,9.05
boston,42.33579,-71.063667,502.7,99.0,5,,default,13.73
boston,42.359776,-71.060406,6844.6,550.5,34,32.0,osm_levels,41.73
boston,42.335849,-71.063955,27.1,23.9,5,,default,3.49
boston,42.363189,-71.068579,1258.3,215.8,34,41.6,osm_levels,65.44
boston,42.365739,-71.075991,3642.0,315.6,11,32.0,osm_levels,47.76
boston,42.364903,-71.079132,4602.0,357.2,19,32.0,osm_levels,57.38
boston,42.363167,-71.068728,3176.6,287.9,26,41.6,osm_levels,64.12
boston,42.360833,-71.067511,1742.7,282.6,21,,default,27.49
boston,42.362966,-71.079273,3804.7,280.1,13,32.0,osm_levels,32.73
boston,42.361887,-71.069624,4421.3,298.2,10,32.0,osm_levels,59.25
boston,42.362232,-71.080036,2733.9,249.5,16,48.0,osm_levels,56.05
boston,42.354715,-71.074149,634.1,101.2,11,,default,23.74
boston,42.371498,-71.071733,1782.8,214.9,7,67.2,osm_levels,74.54
boston,42.365578,-71.078332,1028.8,157.9,5,,default,15.36
boston,42.355192,-71.074337,432.4,83.6,9,,default,28.8
boston,42.337362,-71.057867,3321.5,265.7,9,,default,11.63
boston,42.370257,-71.069626,280.3,78.8,11,,default,10.26
boston,42.338722,-71.067569,213.2,62.1,5,,default,12.68
boston,42.360739,-71.068056,618.2,99.8,12,,default,19.14
boston,42.361593,-71.078777,17.2,15.1,9,,default,13.54
boston,42.338749,-71.060256,4905.3,664.3,5,,default,14.79
boston,42.363305,-71.069443,1961.9,228.4,17,,default,105.61
boston,42.355194,-71.0747,1359.8,148.7,5,16.0,osm_levels,20.59
boston,42.366784,-71.070198,218.3,53.1,16,,default,19.48
boston,42.362764,-71.070127,2471.8,207.5,11,44.8,osm_levels,76.6
boston,42.368303,-71.072534,6451.5,324.0,5,16.0,osm_levels,17.84
boston,42.369873,-71.070192,78.1,35.6,5,,default,2.81
boston,42.360834,-71.068926,132.0,54.8,5,19.200000000000003,osm_levels,19.32
boston,42.360838,-71.069315,67.9,34.0,5,16.0,osm_levels,16.73
boston,42.363281,-71.06991,1241.9,179.3,10,28.8,osm_levels,39.66
boston,42.355346,-71.073834,1566.5,205.1,22,16.0,osm_levels,25.48
boston,42.360784,-71.070221,170.0,60.3,8,,default,17.79
boston,42.363643,-71.069124,1475.3,157.9,6,48.0,osm_levels,63.42
boston,42.363688,-71.06907,1988.7,189.8,7,19.200000000000003,osm_levels,62.41
boston,42.354929,-71.073344,2316.7,245.6,33,,default,27.37
boston,42.361336,-71.069818,431.8,84.4,5,28.8,osm_levels,39.2
boston,42.3637,-71.077749,607.3,147.2,9,12.8,osm_levels,15.77
boston,42.363732,-71.077813,3906.1,313.9,37,16.0,osm_levels,21.64
boston,42.355515,-71.07337,474.3,94.3,5,35.2,osm_levels,35.32
boston,42.364915,-71.066829,930.5,138.5,5,9.6,osm_levels,10.39
boston,42.360294,-71.071445,1019.3,250.7,44,12.8,osm_levels,17.38
boston,42.336211,-71.068381,2564.1,227.4,15,41.6,osm_levels,42.55
boston,42.365633,-71.065677,1467.1,223.6,25,38.400000000000006,osm_levels,35.37
boston,42.359656,-71.070525,149.0,56.5,5,16.0,osm_levels,17.8
boston,42.356447,-71.071376,854.8,139.6,7,12.8,osm_levels,14.95
boston,42.356224,-71.070153,529.4,110.2,14,,default,24.2
boston,42.356004,-71.071238,358.9,77.2,5,16.0,osm_levels,30.32
boston,42.356438,-71.070757,389.4,84.9,10,,default,10.99
boston,42.356295,-71.072228,3077.6,272.2,20,,default,20.73
boston,42.356998,-71.072028,252.0,64.2,9,,default,19.45
boston,42.356613,-71.072252,28.3,23.3,9,,default,5.6
boston,42.37116,-71.067614,17.2,17.0,5,,default,12.73
boston,42.356698,-71.072278,1790.8,331.3,37,,default,22.94
boston,42.356929,-71.071018,1544.5,190.0,23,,default,15.56
boston,42.356216,-71.0728,319.8,75.5,7,19.200000000000003,osm_levels,23.52
boston,42.357264,-71.071426,209.9,62.1,7,,default,17.01
boston,42.355826,-71.072364,700.4,115.8,7,,default,23.16
boston,42.359706,-71.071428,1660.2,351.0,63,12.8,osm_levels,16.36
boston,42.357038,-71.072463,395.1,88.9,13,,default,24.21
boston,42.356918,-71.072349,254.2,64.3,9,,default,21.66
boston,42.357456,-71.070849,636.9,147.6,20,,default,16.54
boston,42.358038,-71.071224,152.3,52.1,5,,default,11.94
boston,42.359347,-71.070976,284.8,71.2,7,22.4,osm_levels,24.09
boston,42.357204,-71.072474,161.9,54.2,5,,default,20.35
boston,42.357752,-71.07118,166.1,51.8,7,,default,14.29
boston,42.357626,-71.072211,706.5,116.4,16,,default,23.12
boston,42.358309,-71.071533,1256.3,204.5,30,,default,19.26
boston,42.359554,-71.071863,187.0,62.4,11,12.8,osm_levels,14.55
boston,42.357312,-71.073685,525.4,93.0,26,9.6,osm_levels,14.47
boston,42.358423,-71.071968,363.6,76.8,16,,default,20.61
boston,42.358609,-71.072027,604.7,99.8,7,,default,21.38
boston,42.35906,-71.071562,2380.7,304.6,19,22.4,osm_levels,21.93
boston,42.357397,-71.073403,176.5,73.9,12,6.4,osm_levels,4.33
boston,42.358066,-71.072089,1145.8,160.9,21,,default,23.29
boston,42.35987,-71.073036,648.9,115.4,7,6.4,osm_levels,9.28
boston,42.339662,-71.06609,1269.5,145.4,5,,default,10.09
boston,42.359822,-71.073072,424.2,84.2,5,,default,9.56
boston,42.359959,-71.07297,228.1,69.0,8,,default,5.33
boston,42.338744,-71.055555,920.8,248.7,29,,default,10.19
boston,42.330494,-71.070908,807.0,146.6,7,,default,6.96
boston,42.340731,-71.069429,2773.9,367.8,24,,default,36.8
boston,42.344004,-71.065094,4482.4,402.7,20,,default,22.7
boston,42.331164,-71.067404,4573.1,334.8,17,,default,9.47
boston,42.33052,-71.06689,7908.5,559.6,17,,default,9.61
boston,42.340277,-71.067553,1424.6,211.4,9,,default,24.3
boston,42.338761,-71.071106,687.3,212.4,21,,default,11.04
boston,42.368566,-71.079601,114.3,43.1,5,,default,10.64
boston,42.350972,-71.088039,689.3,115.1,15,,default,22.52
boston,42.338848,-71.06988,1095.4,134.2,5,,default,13.23
boston,42.371216,-71.057652,5333.0,352.0,11,,default,14.33
boston,42.331533,-71.070363,334.7,93.4,15,,default,6.0
boston,42.332379,-71.066719,5976.3,436.1,5,,default,5.48
boston,42.330692,-71.058166,104.4,42.6,5,,default,5.99
boston,42.332804,-71.066889,1007.4,147.1,5,,default,6.33
boston,42.333564,-71.066485,1462.8,171.2,9,,default,6.17
boston,42.331926,-71.070365,212.0,60.2,5,,default,5.94
boston,42.339216,-71.068182,151.5,54.2,5,,default,13.11
boston,42.331115,-71.06963,8480.4,505.9,22,,default,11.55
boston,42.371937,-71.059106,442.9,84.6,5,,default,9.97
boston,42.351752,-71.081869,3540.6,470.2,58,,default,26.92
boston,42.339784,-71.060677,64.6,34.9,5,,default,3.11
boston,42.362685,-71.086223,291.5,71.3,9,,default,8.8
boston,42.359246,-71.085856,27.1,23.0,5,,default,4.19
boston,42.359698,-71.072679,23.5,22.3,5,,default,3.51
boston,42.339619,-71.069658,170.8,56.1,9,,default,14.19
boston,42.33969,-71.060729,45.3,28.9,5,,default,3.11
boston,42.334273,-71.066893,37.1,27.7,9,,default,9.97
boston,42.338154,-71.070234,28.9,23.8,5,,default,3.7
boston,42.331542,-71.068957,1272.1,167.7,11,,default,6.33
boston,42.371238,-71.068885,29.4,24.8,5,,default,3.25
boston,42.332366,-71.06924,2829.9,250.8,13,,default,10.0
boston,42.33291,-71.06938,60.7,32.9,5,,default,5.46
boston,42.339583,-71.070392,135.3,47.3,5,,default,12.84
boston,42.37319,-71.062379,276.3,72.3,7,,default,13.72
boston,42.352375,-71.079617,1528.8,191.7,25,,default,21.4
boston,42.333199,-71.058655,3997.3,253.9,5,,default,6.97
boston,42.353697,-71.080265,489.6,104.9,5,,default,28.88
boston,42.373012,-71.062253,319.5,86.4,7,,default,12.84
boston,42.368702,-71.08002,63.7,38.6,7,,default,5.67
boston,42.350234,-71.096041,2362.2,267.7,35,,default,22.55
boston,42.352859,-71.079596,752.9,117.9,13,,default,21.73
boston,42.371171,-71.078755,687.5,143.2,23,,default,13.68
boston,42.339414,-71.069958,407.7,118.3,13,,default,9.72
boston,42.361654,-71.08465,1789.0,171.3,5,,default,77.73
boston,42.332994,-71.069633,3515.2,293.1,11,,default,11.38
boston,42.361698,-71.084762,2976.0,234.3,9,,default,76.26
boston,42.33803,-71.070343,288.1,68.3,5,,default,14.95
boston,42.374274,-71.064106,352.2,105.5,16,,default,13.18
boston,42.37391,-71.064861,92.8,46.1,7,,default,8.99
boston,42.335098,-71.063357,116.7,44.4,5,,default,7.26
boston,42.360783,-71.08389,297.3,71.4,7,,default,37.29
boston,42.333022,-71.070334,1798.1,210.8,10,,default,16.0
boston,42.334971,-71.057581,3078.6,303.6,21,,default,18.72
boston,42.334753,-71.062908,636.8,113.4,7,,default,9.88
boston,42.360845,-71.083696,217.0,59.1,5,,default,40.83
boston,42.333289,-71.070269,687.9,135.5,5,,default,10.59
boston,42.353441,-71.077424,878.3,140.0,18,,default,22.59
boston,42.353017,-71.077212,2431.0,287.4,43,,default,21.18
boston,42.369332,-71.078701,298.7,72.5,5,,default,17.05
boston,42.360733,-71.083641,987.8,248.4,21,,default,36.7
boston,42.360659,-71.083582,296.5,159.0,9,,default,32.79
boston,42.336296,-71.058368,467.6,100.7,5,,default,7.49
boston,42.33351,-71.068992,127.7,89.1,5,,default,2.88
boston,42.333276,-71.068962,241.4,95.4,7,,default,2.7
boston,42.334473,-71.058659,8554.3,462.9,11,,default,7.87
boston,42.354484,-71.077316,319.4,95.7,5,,default,26.23
boston,42.378527,-71.069479,278.7,72.9,5,,default,9.28
boston,42.361851,-71.082445,69.9,35.6,6,,default,35.14
boston,42.352753,-71.081553,497.3,121.5,16,,default,21.22
boston,42.343867,-71.063705,3575.5,280.3,11,,default,52.5
boston,42.379078,-71.069812,288.0,79.3,13,,default,10.43
boston,42.372314,-71.063796,97.2,41.1,5,,default,9.64
boston,42.372192,-71.062327,279.6,72.2,5,,default,12.57
boston,42.365973,-71.061172,2308.1,195.1,9,102.4,osm_levels,155.62
boston,42.336545,-71.061059,145.7,54.7,5,,default,4.38
boston,42.364378,-71.081364,180.2,57.3,5,,default,4.95
boston,42.36449,-71.081481,677.2,107.8,15,,default,1.79
boston,42.377861,-71.068796,897.8,183.6,5,,default,12.18
boston,42.371321,-71.067559,15.2,15.9,5,,default,19.49
boston,42.363001,-71.067286,1124.6,136.5,5,38.400000000000006,osm_levels,46.38
boston,42.354648,-71.076619,353.6,96.6,9,38.400000000000006,osm_levels,39.2
boston,42.352761,-71.079952,419.4,83.2,11,,default,20.55
boston,42.33322,-71.068555,667.9,116.0,13,,default,7.34
boston,42.363997,-71.08063,340.1,83.3,5,,default,11.34
boston,42.367974,-71.053191,33.6,23.5,5,32.0,osm_levels,30.03
boston,42.367612,-71.052873,1768.1,209.9,11,,default,26.17
boston,42.362977,-71.080881,386.5,70.4,17,,default,13.87
boston,42.368027,-71.05356,26.2,20.5,5,32.0,osm_levels,31.11
boston,42.373536,-71.071055,33.3,23.7,5,,default,4.61
boston,42.359849,-71.06092,59.1,46.7,5,57.6,osm_levels,100.33
boston,42.372007,-71.059875,585.3,124.5,13,,default,18.41
boston,42.332287,-71.068238,7167.7,378.1,15,,default,7.25
boston,42.359847,-71.061101,1768.0,172.3,13,51.2,osm_levels,102.23
boston,42.363621,-71.080886,271.2,59.0,17,,default,16.16
boston,42.378144,-71.068938,1055.3,200.5,5,,default,12.38
boston,42.353768,-71.079977,503.7,130.2,29,28.8,osm_levels,34.73
boston,42.33765,-71.069208,374.7,82.2,9,,default,21.88
boston,42.372229,-71.071393,4011.3,254.9,7,35.2,osm_levels,56.59
boston,42.372249,-71.071405,5001.4,301.2,11,35.2,osm_levels,56.34
boston,42.342247,-71.064256,3179.2,420.8,6,,default,18.04
boston,42.339146,-71.066893,1278.1,147.0,5,,default,27.01
boston,42.363666,-71.078964,39.6,25.5,5,25.6,osm_levels,30.8
boston,42.36286,-71.080006,421.5,82.5,5,32.0,osm_levels,8.17
boston,42.371534,-71.070836,157.9,61.6,5,,default,3.66
boston,42.363747,-71.068047,1343.4,161.3,7,,default,62.7
boston,42.354393,-71.073925,554.5,109.4,13,,default,22.91
boston,42.366227,-71.078508,2147.1,302.2,13,22.4,osm_levels,21.07
boston,42.374804,-71.062902,352.4,95.6,14,,default,12.94
boston,42.36243,-71.07969,52.2,29.9,5,,default,6.8
boston,42.353647,-71.074759,1298.4,167.0,18,,default,22.75
boston,42.353647,-71.074759,1298.4,167.0,18,,default,22.75
boston,42.368325,-71.057187,3501.7,256.3,11,,default,10.79
boston,42.36094,-71.068073,401.0,82.2,11,,default,18.2
boston,42.353417,-71.074325,414.6,90.7,5,38.400000000000006,osm_levels,41.9
boston,42.360938,-71.068477,525.1,95.1,5,19.200000000000003,osm_levels,22.0
boston,42.375335,-71.063679,539.9,93.5,5,,default,25.14
boston,42.36423,-71.078665,434.5,83.9,5,19.200000000000003,osm_levels,28.21
boston,42.365632,-71.058894,1933.8,205.7,10,19.200000000000003,osm_levels,22.7
boston,42.373903,-71.062675,604.0,103.3,10,,default,16.05
boston,42.367255,-71.059398,1808.1,181.8,5,35.2,osm_levels,50.03
boston,42.354325,-71.074313,373.3,91.2,9,25.6,osm_levels,28.02
boston,42.364151,-71.062779,303.0,73.4,5,16.0,osm_levels,17.37
boston,42.365724,-71.077791,408.8,96.3,7,16.0,osm_levels,17.46
boston,42.364642,-71.061514,262.9,69.2,5,19.200000000000003,osm_levels,21.71
boston,42.351115,-71.050194,1095.5,133.4,5,22.4,osm_levels,26.46
boston,42.374295,-71.063747,135.9,50.4,7,,default,16.36
boston,42.354767,-71.073953,188.3,63.8,5,19.200000000000003,osm_levels,22.21
boston,42.364831,-71.061719,827.0,119.2,5,19.200000000000003,osm_levels,21.79
boston,42.350128,-71.051295,1742.5,205.1,13,22.4,osm_levels,29.2
boston,42.374874,-71.064554,160.7,60.0,7,,default,13.44
boston,42.373548,-71.063553,270.4,90.5,17,,default,13.14
boston,42.370511,-71.069939,265.2,72.2,5,,default,6.0
boston,42.376029,-71.064741,299.7,80.5,14,,default,5.21
boston,42.374203,-71.06438,112.3,42.6,5,,default,10.8
boston,42.366036,-71.061121,3973.1,253.0,5,28.8,osm_levels,155.5
boston,42.374644,-71.06471,286.6,78.9,23,,default,14.36
boston,42.363441,-71.077999,415.7,138.6,11,12.8,osm_levels,14.62
boston,42.374713,-71.065501,374.9,86.5,12,,default,13.27
boston,42.337439,-71.068955,374.9,82.2,9,,default,21.45
boston,42.36052,-71.070579,282.3,70.1,6,16.0,osm_levels,16.18
boston,42.374461,-71.065235,82.0,46.0,7,,default,14.32
boston,42.36033,-71.070262,109.8,62.3,9,16.0,osm_levels,16.79
boston,42.35459,-71.073213,1888.7,249.0,33,,default,24.1
boston,42.365423,-71.064324,62.0,33.9,5,16.0,osm_levels,17.27
boston,42.374344,-71.065142,104.9,44.6,7,,default,8.22
boston,42.37343,-71.064813,76.7,38.8,5,,default,19.52
boston,42.366057,-71.062615,1426.3,184.9,5,32.0,osm_levels,49.95
boston,42.366321,-71.062157,12650.5,479.2,15,35.2,osm_levels,50.03
boston,42.371844,-71.063168,167.7,58.7,5,,default,6.93
boston,42.360265,-71.070613,631.0,142.2,19,12.8,osm_levels,15.34
boston,42.371113,-71.063043,200.3,65.3,5,,default,20.53
boston,42.364271,-71.06557,1606.3,193.6,21,54.400000000000006,osm_levels,52.34
boston,42.367176,-71.063489,929.5,383.3,5,,default,12.2
boston,42.375851,-71.065432,3592.6,296.9,7,,default,6.12
boston,42.366579,-71.067726,16.5,16.2,5,,default,4.37
boston,42.342522,-71.057471,894.4,142.1,14,19.200000000000003,osm_levels,25.11
boston,42.363505,-71.077819,371.3,214.4,17,9.6,osm_levels,13.86
boston,42.361974,-71.070167,40.9,24.2,9,28.8,osm_levels,44.59
boston,42.366774,-71.064144,23.3,20.0,5,,default,3.58
boston,42.361956,-71.06988,78.4,45.7,5,12.8,osm_levels,22.34
boston,42.359082,-71.070945,150.3,51.5,7,22.4,osm_levels,23.22
boston,42.361964,-71.070156,747.5,101.3,9,25.6,osm_levels,42.3
boston,42.368019,-71.064687,593.8,98.1,7,35.2,osm_levels,35.06
boston,42.361767,-71.070178,247.8,63.2,5,16.0,osm_levels,23.25
boston,42.361948,-71.069949,114.6,49.0,5,16.0,osm_levels,22.91
boston,42.368153,-71.064717,87.0,52.2,5,25.6,osm_levels,30.52
boston,42.359562,-71.07052,175.7,58.9,11,12.8,osm_levels,15.84
boston,42.361318,-71.069632,86.4,40.3,5,19.200000000000003,osm_levels,19.25
boston,42.366516,-71.065163,26.6,21.7,5,,default,3.86
boston,42.359648,-71.070971,381.1,85.6,9,,default,16.73
boston,42.339783,-71.066373,1010.6,135.9,7,,default,9.72
boston,42.365334,-71.066276,717.8,119.7,10,,default,17.59
boston,42.361155,-71.070787,1865.2,596.6,34,9.6,osm_levels,14.12
boston,42.367788,-71.064997,1219.3,206.7,26,32.0,osm_levels,41.08
boston,42.366171,-71.067971,26.8,21.8,5,6.4,osm_levels,4.82
boston,42.35651,-71.070439,732.4,116.2,15,,default,16.67
boston,42.342864,-71.064199,1083.9,142.6,5,,default,14.45
boston,42.357905,-71.070955,294.4,93.8,11,,default,11.2
boston,42.358041,-71.071107,104.3,41.3,7,,default,11.88
boston,42.356134,-71.071644,264.6,65.7,7,9.6,osm_levels,7.63
boston,42.360137,-71.071684,334.3,75.0,12,12.8,osm_levels,18.15
boston,42.359377,-71.070604,64.5,34.9,5,12.8,osm_levels,13.61
boston,42.366799,-71.066257,43.6,27.1,5,,default,8.19
boston,42.358645,-71.071277,310.3,71.8,11,,default,17.17
boston,42.339665,-71.062545,279.0,72.2,5,,default,8.12
boston,42.339671,-71.062814,65.2,35.2,5,,default,2.82
boston,42.359177,-71.070507,586.3,128.2,17,,default,18.31
boston,42.357589,-71.07079,82.6,35.9,7,12.8,osm_levels,11.62
boston,42.357795,-71.071035,204.6,57.6,5,,default,15.46
boston,42.35777,-71.071542,1239.5,152.6,26,,default,26.5
boston,42.367198,-71.066201,4187.4,342.6,41,25.6,osm_levels,31.7
boston,42.338952,-71.066636,488.3,94.4,5,,default,24.65
chicago,41.868494,-87.624699,4391.5,348.1,18,,default,131.63
chicago,41.868564,-87.624698,1437.0,204.0,14,140.8,osm_levels,132.59
chicago,41.876657,-87.624866,484.1,123.3,5,,default,47.25
chicago,41.869111,-87.624675,1352.2,226.4,17,,default,33.65
chicago,41.900248,-87.629019,3444.4,312.2,13,12.8,osm_levels,20.68
chicago,41.877185,-87.622946,763.0,364.1,5,,default,7.5
chicago,41.876943,-87.62317,1908.5,441.4,16,,default,16.66
chicago,41.869503,-87.629806,1474.4,333.7,43,9.6,osm_levels,16.34
chicago,41.900783,-87.630834,1336.9,159.7,7,32.0,osm_levels,36.12
chicago,41.884894,-87.623252,2094.2,224.5,11,134.4,osm_levels,177.75
chicago,41.872793,-87.625471,2983.6,219.4,5,,default,32.39
chicago,41.8954,-87.628944,2888.2,291.6,21,169.60000000000002,osm_levels,153.02
chicago,41.874023,-87.624804,1302.5,156.4,9,,default,55.38
chicago,41.875228,-87.624475,131.0,49.4,5,,default,17.61
chicago,41.875076,-87.624835,6278.7,348.1,9,,default,60.29
chicago,41.896329,-87.630294,2455.7,194.7,12,,default,8.02
chicago,41.898607,-87.626172,1029.9,153.1,13,131.20000000000002,osm_levels,150.58
chicago,41.896906,-87.629402,793.2,195.9,15,80.0,osm_levels,81.41
chicago,41.880674,-87.621175,30.3,29.6,7,,default,10.34
chicago,41.900696,-87.631631,243.1,66.6,7,,default,24.59
chicago,41.898171,-87.631734,899.1,140.9,31,102.4,osm_levels,88.81
chicago,41.870301,-87.628275,733.2,114.3,49,89.60000000000001,osm_levels,67.16
chicago,41.878986,-87.621522,4678.6,427.8,32,,default,20.58
chicago,41.90102,-87.626806,842.3,116.6,5,67.2,osm_levels,70.25
chicago,41.870178,-87.627849,1166.3,149.1,11,,default,8.71
chicago,41.904395,-87.632021,6015.8,403.1,12,,default,120.87
chicago,41.900343,-87.632059,1662.8,229.0,49,,default,12.77
chicago,41.897994,-87.633425,2006.9,208.3,15,,default,24.17
chicago,41.869031,-87.627737,125.4,46.5,5,,default,13.22
chicago,41.900108,-87.631637,300.9,72.0,17,,default,12.48
chicago,41.901018,-87.62703,274.7,78.9,5,25.6,osm_levels,31.2
chicago,41.898331,-87.630561,3754.8,407.8,49,35.2,osm_levels,40.2
chicago,41.879522,-87.620246,8.5,11.8,5,,default,7.0
chicago,41.898435,-87.632427,141.4,57.4,5,,default,13.12
chicago,41.898962,-87.628471,198.2,57.0,5,,default,16.7
chicago,41.898812,-87.628456,208.8,58.6,5,16.0,osm_levels,17.55
chicago,41.90295,-87.631714,321.9,81.1,9,,default,11.29
chicago,41.901009,-87.628987,251.6,86.2,10,,default,21.79
chicago,41.897171,-87.630438,59.3,35.7,7,,default,15.4
chicago,41.901094,-87.629486,1492.4,189.2,17,,default,16.45
chicago,41.90077,-87.629492,799.9,130.8,21,73.60000000000001,osm_levels,88.33
chicago,41.899489,-87.62941,599.1,111.4,5,16.0,osm_levels,13.98
chicago,41.899689,-87.632387,443.2,128.1,11,12.8,osm_levels,14.51
chicago,41.899343,-87.629465,554.4,129.4,12,16.0,osm_levels,16.17
chicago,41.899599,-87.632145,36.7,24.4,5,,default,4.26
chicago,41.900779,-87.628868,904.0,131.6,16,,default,21.79
chicago,41.899414,-87.631943,163.4,51.2,5,16.0,osm_levels,17.6
chicago,41.899814,-87.631939,648.2,115.0,5,,default,15.52
chicago,41.898932,-87.631568,735.9,148.5,29,,default,13.25
chicago,41.89983,-87.631628,616.2,120.3,38,,default,12.64
chicago,41.89969,-87.629395,1068.3,146.3,11,12.8,osm_levels,27.62
chicago,41.899486,-87.631786,776.2,162.7,18,,default,17.54
chicago,41.899564,-87.631506,76.7,40.6,5,,default,4.61
chicago,41.868914,-87.629092,1501.7,349.4,51,,default,15.17
chicago,41.900098,-87.63065,3574.1,360.9,39,35.2,osm_levels,32.3
chicago,41.868898,-87.629804,1496.8,351.5,51,,default,16.04
chicago,41.895907,-87.634499,1460.7,183.4,23,,default,15.93
chicago,41.874961,-87.627134,5132.7,317.3,22,,default,65.5
chicago,41.886515,-87.620149,1619.0,167.5,25,,default,255.83
chicago,41.88631,-87.619901,8943.3,383.0,14,,default,250.88
chicago,41.896887,-87.631679,1114.9,178.4,9,,default,31.94
chicago,41.867755,-87.624657,1545.3,163.0,5,153.60000000000002,osm_levels,152.9
chicago,41.897041,-87.632283,2518.8,205.1,5,,default,106.38
chicago,41.883544,-87.619294,112.7,43.3,5,,default,11.14
chicago,41.885242,-87.624148,1868.8,221.9,7,131.20000000000002,osm_levels,122.84
chicago,41.88494,-87.623158,6660.6,386.6,11,134.4,osm_levels,176.51
chicago,41.882386,-87.61974,113.1,43.0,5,,default,4.74
chicago,41.877568,-87.623095,264.6,220.6,5,,default,5.78
chicago,41.872173,-87.625428,2809.5,213.1,5,,default,19.05
chicago,41.879568,-87.62366,5776.8,324.6,14,,default,25.17
chicago,41.867009,-87.62512,460.0,89.3,10,,default,6.04
chicago,41.897444,-87.630842,3060.2,230.3,7,102.4,osm_levels,104.17
chicago,41.90164,-87.632545,465.3,122.8,18,,default,16.61
chicago,41.880621,-87.623506,77.4,52.6,5,,default,14.38
chicago,41.872512,-87.624783,4535.3,680.6,41,96.0,osm_levels,106.94
chicago,41.863223,-87.619915,774.5,168.6,5,,default,5.12
chicago,41.873358,-87.624792,1286.5,154.2,5,76.80000000000001,osm_levels,87.75
chicago,41.882684,-87.623598,15.1,19.0,5,,default,1.94
chicago,41.873579,-87.624796,1268.9,153.4,5,70.4,osm_levels,64.06
chicago,41.89769,-87.633412,2715.9,227.6,9,,default,29.77
chicago,41.883294,-87.622299,109.2,48.2,8,,default,14.51
chicago,41.874186,-87.62354,24.4,22.1,5,,default,1.87
chicago,41.86879,-87.625452,1250.7,165.9,13,118.4,osm_levels,112.77
chicago,41.868758,-87.625379,2511.7,201.3,5,,default,112.27
chicago,41.901043,-87.632234,133.5,47.9,5,,default,4.33
chicago,41.872581,-87.630949,1878.2,191.4,7,92.8,osm_levels,96.06
chicago,41.87994,-87.621725,1051.3,130.5,5,,default,16.51
chicago,41.89775,-87.628827,1761.9,173.7,7,57.6,osm_levels,56.69
chicago,41.897842,-87.629396,487.5,101.9,12,,default,23.65
chicago,41.900798,-87.63222,519.7,100.9,5,,default,22.53
chicago,41.901343,-87.631815,3868.6,272.2,8,105.6,osm_levels,110.15
chicago,41.87078,-87.626421,1285.2,172.1,20,67.2,osm_levels,24.05
chicago,41.870312,-87.624824,2807.5,220.4,5,64.0,osm_levels,91.81
chicago,41.899086,-87.62617,42.8,28.7,5,,default,5.35
chicago,41.870815,-87.627962,910.3,131.8,53,89.60000000000001,osm_levels,78.73
chicago,41.871646,-87.628058,3757.2,559.2,17,41.6,osm_levels,40.17
chicago,41.898122,-87.632452,266.3,68.8,9,,default,17.51
chicago,41.870814,-87.628103,1434.6,178.9,49,,default,78.71
chicago,41.875381,-87.624843,2748.4,210.5,5,44.8,osm_levels,50.05
chicago,41.902829,-87.629504,2220.8,195.5,23,108.8,osm_levels,97.72
chicago,41.898233,-87.63245,142.6,59.9,7,,default,17.52
chicago,41.870403,-87.626405,663.7,126.9,5,25.6,osm_levels,31.95
chicago,41.868546,-87.627027,1079.9,139.6,17,25.6,osm_levels,26.8
chicago,41.902162,-87.629459,2397.7,207.4,36,105.6,osm_levels,89.19
chicago,41.871233,-87.631122,1653.9,206.4,7,38.400000000000006,osm_levels,43.86
chicago,41.898514,-87.63172,1754.7,177.9,13,102.4,osm_levels,14.45
chicago,41.898984,-87.62732,686.6,120.7,5,54.400000000000006,osm_levels,67.51
chicago,41.898439,-87.63212,55.8,30.4,5,,default,6.62
chicago,41.87147,-87.631558,6311.8,563.2,27,,default,8.29
chicago,41.897743,-87.630131,528.9,104.6,13,96.0,osm_levels,88.3
chicago,41.902188,-87.626957,849.2,121.5,7,64.0,osm_levels,54.12
chicago,41.900314,-87.633603,1132.0,169.2,5,44.8,osm_levels,41.61
chicago,41.901636,-87.629491,1379.6,153.9,9,67.2,osm_levels,72.27
chicago,41.900126,-87.632191,825.8,170.4,31,,default,15.57
chicago,41.902723,-87.626908,1040.0,140.5,11,70.4,osm_levels,63.11
chicago,41.898723,-87.627819,2140.9,226.8,11,28.8,osm_levels,113.11
chicago,41.901562,-87.630331,566.6,131.0,9,51.2,osm_levels,55.55
chicago,41.898626,-87.632448,181.4,58.8,9,,default,13.98
chicago,41.898708,-87.632451,137.6,55.3,9,,default,15.87
chicago,41.869642,-87.627753,138.0,48.7,5,,default,8.54
chicago,41.902036,-87.630334,738.3,144.2,9,70.4,osm_levels,67.42
chicago,41.899093,-87.632246,188.1,57.4,12,,default,15.27
chicago,41.898561,-87.632113,24.2,19.7,5,,default,9.82
chicago,41.903683,-87.631882,1187.3,153.1,10,19.200000000000003,osm_levels,21.68
chicago,41.878858,-87.620069,531.4,123.7,10,,default,11.52
chicago,41.898932,-87.632447,953.1,170.6,31,,default,18.04
chicago,41.899891,-87.633153,788.5,131.2,11,19.200000000000003,osm_levels,16.37
chicago,41.901191,-87.630334,823.4,126.6,5,16.0,osm_levels,16.66
chicago,41.901694,-87.630344,709.8,122.1,5,35.2,osm_levels,37.48
chicago,41.902489,-87.631872,876.9,123.0,5,25.6,osm_levels,22.16
chicago,41.898714,-87.632128,57.7,30.9,5,,default,7.09
chicago,41.868755,-87.628153,1950.1,248.7,9,22.4,osm_levels,20.36
chicago,41.901349,-87.626951,764.6,163.1,27,22.4,osm_levels,28.45
chicago,41.899092,-87.632123,97.2,42.2,6,,default,13.73
chicago,41.901324,-87.62954,155.1,61.5,15,12.8,osm_levels,15.64
chicago,41.899496,-87.632495,85.8,44.4,6,12.8,osm_levels,15.11
chicago,41.870334,-87.631044,2026.1,233.1,16,80.0,osm_levels,77.54
chicago,41.902473,-87.63099,5328.4,340.1,15,16.0,osm_levels,18.89
chicago,41.900901,-87.628572,133.8,52.0,5,,default,21.73
chicago,41.901017,-87.630544,170.1,54.7,5,,default,7.55
chicago,41.900551,-87.628036,458.9,87.0,5,12.8,osm_levels,22.85
chicago,41.898503,-87.629483,160.6,60.4,5,16.0,osm_levels,15.23
chicago,41.86978,-87.630888,250.8,65.5,5,12.8,osm_levels,11.57
chicago,41.898934,-87.631905,733.4,141.2,21,,default,15.66
chicago,41.898627,-87.629475,463.8,92.3,7,16.0,osm_levels,13.3
chicago,41.868496,-87.628823,137.5,58.6,5,12.8,osm_levels,11.18
chicago,41.901037,-87.630941,1132.5,141.0,5,16.0,osm_levels,15.46
chicago,41.869239,-87.630881,297.9,70.4,5,12.8,osm_levels,12.28
chicago,41.86849,-87.629244,137.0,58.4,5,12.8,osm_levels,17.62
chicago,41.864545,-87.638175,22.4,19.2,5,,default,11.07
chicago,41.877018,-87.6268,52.3,43.5,5,,default,11.39
chicago,41.896001,-87.6309,779.5,112.1,5,,default,11.64
chicago,41.880817,-87.616298,129.6,67.1,7,,default,4.58
chicago,41.864435,-87.638635,9985.2,534.9,9,,default,15.81
chicago,41.865124,-87.637308,8.7,12.1,5,,default,3.13
chicago,41.895927,-87.631959,977.5,130.4,5,,default,94.25
chicago,41.880614,-87.616392,197.5,64.3,6,,default,4.74
chicago,41.865266,-87.637319,41.0,29.1,5,,default,10.64
chicago,41.867195,-87.621621,165.3,54.6,7,214.4,osm_levels,204.18
chicago,41.873326,-87.643067,10114.2,437.3,9,,default,10.02
chicago,41.886515,-87.620149,1619.0,167.5,25,265.6,osm_levels,255.83
chicago,41.882474,-87.626142,746.6,256.2,5,,default,13.53
chicago,41.903375,-87.634129,2668.0,237.1,5,,default,16.74
chicago,41.875484,-87.61642,43.2,26.5,10,,default,5.11
chicago,41.876407,-87.63049,17.4,18.4,5,,default,19.9
chicago,41.877145,-87.624481,28.8,22.1,6,,default,4.17
chicago,41.896867,-87.633672,1527.9,181.0,9,,default,65.39
chicago,41.8791,-87.635625,529.7,92.4,5,214.4,osm_levels,270.27
chicago,41.868378,-87.633121,1556.3,165.6,11,,default,48.47
chicago,41.880173,-87.625726,4074.5,291.0,5,160.0,osm_levels,177.94
chicago,41.881152,-87.624569,25.5,23.4,5,,default,2.9
chicago,41.878829,-87.624511,17.7,19.0,5,,default,4.28
chicago,41.86178,-87.619108,3961.0,352.7,13,,default,11.0
chicago,41.872637,-87.64014,10319.0,412.7,9,,default,22.13
chicago,41.872523,-87.624411,116.6,50.4,9,,default,19.98
chicago,41.873639,-87.626483,1417.6,157.6,5,,default,0.7
chicago,41.883427,-87.621874,3296.5,294.0,39,,default,34.35
chicago,41.872732,-87.625125,332.5,154.3,5,,default,52.45
chicago,41.866998,-87.621285,102.7,67.6,15,172.8,osm_levels,204.27
chicago,41.895157,-87.628999,3828.3,375.8,19,,default,17.75
chicago,41.873218,-87.62531,88.8,48.1,5,,default,13.52
chicago,41.871518,-87.626423,2497.8,219.6,12,,default,117.63
chicago,41.873366,-87.624455,13.7,15.1,5,,default,79.45
chicago,41.874146,-87.627473,19.2,21.2,5,,default,3.53
chicago,41.86239,-87.619797,328.6,74.1,5,,default,4.03
chicago,41.90482,-87.629058,516.1,91.3,5,92.8,osm_levels,85.25
chicago,41.901511,-87.631859,779.2,137.0,33,105.6,osm_levels,110.17
chicago,41.86564,-87.620963,1421.8,160.6,8,86.4,osm_levels,89.64
chicago,41.866177,-87.626941,2696.4,235.9,15,64.0,osm_levels,64.22
chicago,41.875811,-87.637346,29.2,21.9,5,,default,16.79
chicago,41.897792,-87.635316,2876.2,263.7,27,,default,59.83
chicago,41.8978,-87.635234,4124.3,259.0,9,,default,59.67
chicago,41.89762,-87.629403,571.7,147.6,17,,default,20.83
chicago,41.870823,-87.627088,1711.3,166.2,5,102.4,osm_levels,103.05
chicago,41.898388,-87.628943,57.3,30.5,5,,default,3.15
chicago,41.874904,-87.624822,2794.5,222.1,7,44.8,osm_levels,60.72
chicago,41.897809,-87.634628,2506.6,208.7,5,,default,18.39
chicago,41.871103,-87.625421,1249.4,154.7,7,57.6,osm_levels,65.21
chicago,41.873496,-87.628379,924.9,122.1,5,41.6,osm_levels,54.55
chicago,41.903763,-87.626126,1029.6,137.5,5,64.0,osm_levels,59.43
chicago,41.903377,-87.629252,583.0,108.7,22,64.0,osm_levels,60.49
chicago,41.896941,-87.629387,1298.9,146.2,5,,default,81.25
chicago,41.902692,-87.627409,919.9,162.5,17,64.0,osm_levels,66.09
chicago,41.898458,-87.628785,2467.3,307.5,29,99.2,osm_levels,85.36
chicago,41.899391,-87.627887,1238.6,143.6,5,115.2,osm_levels,126.25
chicago,41.89543,-87.630329,1434.0,181.2,9,,default,11.59
chicago,41.897923,-87.626538,2475.8,209.8,6,41.6,osm_levels,57.27
chicago,41.905228,-87.632499,2348.4,211.1,7,,default,11.62
chicago,41.901913,-87.625602,2186.5,206.7,19,102.4,osm_levels,101.44
chicago,41.871912,-87.633262,1334.1,148.0,5,35.2,osm_levels,47.43
chicago,41.86854,-87.6273,17.1,17.9,5,,default,4.6
chicago,41.898143,-87.627201,497.4,90.1,5,80.0,osm_levels,75.72
chicago,41.872951,-87.628872,1998.5,227.1,7,35.2,osm_levels,42.65
chicago,41.902481,-87.629511,849.1,142.7,13,32.0,osm_levels,32.84
chicago,41.898767,-87.627196,918.5,148.8,4,108.8,osm_levels,106.67
chicago,41.895936,-87.630274,1515.6,218.6,13,,default,95.28
chicago,41.898696,-87.627325,2142.6,200.5,10,108.8,osm_levels,106.35
chicago,41.902089,-87.629586,934.7,125.8,54,105.6,osm_levels,91.16
chicago,41.898522,-87.633121,225.7,96.8,13,,default,3.19
chicago,41.86901,-87.626374,1815.5,173.0,5,28.8,osm_levels,40.08
chicago,41.9011,-87.633204,1312.6,187.7,63,32.0,osm_levels,30.92
chicago,41.903632,-87.631032,1669.3,164.3,9,22.4,osm_levels,35.1
chicago,41.869045,-87.627039,993.9,132.7,17,86.4,osm_levels,83.41
chicago,41.901362,-87.627466,870.1,122.0,5,73.60000000000001,osm_levels,78.8
chicago,41.898877,-87.629367,1542.6,167.5,20,83.2,osm_levels,76.59
chicago,41.867587,-87.629224,136.6,59.4,5,,default,8.69
chicago,41.901172,-87.627389,547.7,110.6,7,16.0,osm_levels,18.54
chicago,41.901698,-87.628165,14.0,15.2,5,,default,12.86
chicago,41.902181,-87.627507,195.8,63.4,7,16.0,osm_levels,20.07
chicago,41.901342,-87.626666,300.8,87.3,13,16.0,osm_levels,19.56
chicago,41.902494,-87.63034,858.7,130.0,25,89.60000000000001,osm_levels,89.75
chicago,41.86769,-87.629256,156.0,61.0,5,,default,13.57
chicago,41.869804,-87.627758,140.7,49.3,5,,default,8.59
chicago,41.898557,-87.632452,98.1,49.7,5,,default,12.98
chicago,41.867695,-87.628853,152.3,60.7,5,,default,7.87
chicago,41.89851,-87.632133,47.3,28.7,7,,default,13.93
chicago,41.898335,-87.632416,330.5,90.4,14,,default,16.38
chicago,41.868867,-87.627736,137.2,48.5,5,,default,8.48
chicago,41.902417,-87.630381,1988.5,181.3,9,,default,89.44
chicago,41.901158,-87.628028,949.7,125.5,5,19.200000000000003,osm_levels,19.7
chicago,41.898655,-87.628518,285.9,85.4,15,12.8,osm_levels,13.36
chicago,41.869529,-87.628171,1951.5,248.1,9,19.200000000000003,osm_levels,20.99
chicago,41.898498,-87.632456,135.5,52.0,7,,default,16.3
chicago,41.898531,-87.628991,1375.2,258.6,23,12.8,osm_levels,11.42
chicago,41.90216,-87.631819,2297.0,192.6,5,25.6,osm_levels,22.38
chicago,41.867784,-87.629232,257.3,68.9,5,12.8,osm_levels,11.39
chicago,41.870217,-87.630106,1462.2,326.1,39,9.6,osm_levels,15.13
chicago,41.901128,-87.628586,901.5,128.8,15,,default,21.55
chicago,41.901669,-87.63179,765.4,134.9,21,25.6,osm_levels,110.59
chicago,41.86773,-87.627018,1321.7,148.6,17,25.6,osm_levels,28.71
chicago,41.868001,-87.629233,256.6,68.9,5,12.8,osm_levels,11.21
chicago,41.901179,-87.631808,2324.2,209.7,19,25.6,osm_levels,35.06
chicago,41.876779,-87.619294,181.6,56.7,17,6.4,osm_levels,5.0
chicago,41.901243,-87.62896,1212.1,139.8,5,12.8,osm_levels,15.26
chicago,41.898337,-87.629576,238.6,63.0,9,12.8,osm_levels,16.85
chicago,41.867982,-87.628137,1947.0,248.7,9,19.200000000000003,osm_levels,20.47
chicago,41.900843,-87.631629,369.4,77.2,5,16.0,osm_levels,18.09
chicago,41.868115,-87.628811,257.3,69.0,5,12.8,osm_levels,11.21
chicago,41.868314,-87.629253,178.8,67.9,5,,default,9.22
chicago,41.868005,-87.628811,256.9,68.9,5,12.8,osm_levels,11.17
chicago,41.867895,-87.628809,255.8,68.8,5,12.8,osm_levels,11.28
chicago,41.868205,-87.629238,154.4,61.6,5,,default,3.62
chicago,41.868111,-87.629229,243.2,66.3,5,12.8,osm_levels,11.25
chicago,41.868692,-87.631126,3540.8,246.2,14,9.6,osm_levels,8.46
la_defense,48.880034,2.265334,4116.8,373.5,36,,default,29.63
la_defense,48.880444,2.26915,418.2,93.8,8,,default,21.37
la_defense,48.880409,2.268668,621.2,154.6,23,,default,20.43
la_defense,48.877427,2.260924,75.4,37.7,5,,default,8.59
la_defense,48.877783,2.260266,1888.9,194.8,9,,default,10.19
la_defense,48.877746,2.260607,448.5,118.6,9,,default,12.63
la_defense,48.879794,2.268489,124.0,44.8,5,,default,19.23
la_defense,48.879752,2.268746,207.6,58.0,5,,default,22.93
la_defense,48.879557,2.267937,751.1,110.4,11,,default,31.15
la_defense,48.879819,2.267374,2956.4,492.6,55,,default,30.2
la_defense,48.878275,2.268938,1687.9,346.5,30,,default,9.09
la_defense,48.879131,2.264011,760.3,180.1,13,,default,7.3
la_defense,48.880243,2.263766,2804.5,522.9,50,,default,26.24
la_defense,48.878024,2.268873,222.0,82.5,5,,default,4.29
la_defense,48.878777,2.264736,57.0,31.6,5,,default,5.0
la_defense,48.904302,2.264393,4285.1,452.9,32,,default,31.74
la_defense,48.879296,2.264185,503.2,113.6,5,,default,9.47
la_defense,48.878543,2.264907,211.2,59.1,5,,default,4.6
la_defense,48.878338,2.265149,26.0,21.4,7,,default,3.39
la_defense,48.878627,2.267126,143.3,57.7,11,,default,7.69
la_defense,48.878253,2.265096,56.7,36.4,5,,default,4.54
la_defense,48.87834,2.267263,51.0,26.0,10,,default,8.13
la_defense,48.878829,2.265563,18.9,17.7,5,,default,1.56
la_defense,48.878084,2.267064,26.2,21.6,5,,default,4.04
la_defense,48.878644,2.266719,136.5,52.1,9,,default,10.71
la_defense,48.90409,2.263147,236.3,65.3,5,,default,5.88
la_defense,48.904255,2.263317,354.7,87.4,5,,default,6.69
la_defense,48.880072,2.266461,346.6,87.2,13,,default,19.24
la_defense,48.879689,2.2665,828.9,158.9,19,,default,27.14
la_defense,48.878583,2.266678,56.9,32.5,5,,default,14.79
la_defense,48.879789,2.265896,623.8,148.3,17,,default,20.44
la_defense,48.878413,2.266577,33.5,23.5,5,,default,3.58
la_defense,48.87887,2.266099,272.9,72.0,11,,default,7.6
la_defense,48.878476,2.266299,32.7,23.0,5,,default,3.83
la_defense,48.87848,2.26335,8.5,12.4,5,,default,1.67
la_defense,48.881189,2.268979,332.2,89.3,19,,default,12.84
la_defense,48.873667,2.263829,189.4,61.4,5,,default,4.84
la_defense,48.881335,2.269734,1669.0,281.1,43,,default,29.86
la_defense,48.880727,2.271388,1150.4,226.4,36,,default,23.8
la_defense,48.880572,2.270882,37.0,31.4,7,,default,11.89
la_defense,48.880974,2.261487,2387.0,429.1,31,,default,25.59
la_defense,48.869877,2.27278,1058.4,188.9,9,,default,33.33
la_defense,48.880803,2.270566,1591.1,202.1,5,,default,31.77
la_defense,48.880386,2.262513,1027.6,207.0,29,,default,18.7
la_defense,48.880133,2.263043,643.9,147.2,12,,default,26.38
la_defense,48.880816,2.269723,1709.2,284.7,32,,default,22.6
la_defense,48.872423,2.2723,54.6,33.3,9,,default,5.14
la_defense,48.877771,2.263842,334.1,74.3,5,,default,13.18
la_defense,48.880174,2.270506,26.1,20.8,5,,default,11.32
la_defense,48.880297,2.27032,824.6,223.1,36,,default,17.5
la_defense,48.880213,2.269266,63.2,32.2,5,,default,6.86
la_defense,48.880119,2.268128,357.3,83.6,10,,default,19.88
la_defense,48.880176,2.267233,25.8,21.2,5,,default,3.97
la_defense,48.879939,2.270267,187.8,61.7,14,,default,15.34
la_defense,48.877596,2.269677,9.7,12.8,5,,default,3.42
la_defense,48.879886,2.270568,446.8,135.0,20,,default,15.84
la_defense,48.877643,2.269504,25.4,21.9,5,,default,3.64
la_defense,48.878357,2.268012,711.3,127.2,18,,default,7.69
la_defense,48.879658,2.269985,32.3,28.0,5,,default,27.61
la_defense,48.879687,2.269718,339.1,81.4,5,,default,24.31
la_defense,48.87749,2.269586,22.0,19.1,5,,default,4.5
la_defense,48.877309,2.264253,58.8,28.0,9,,default,9.71
la_defense,48.878468,2.265946,114.7,48.3,13,,default,8.33
la_defense,48.873348,2.263846,235.4,61.4,5,,default,4.51
la_defense,48.877937,2.264711,227.1,64.0,11,,default,6.09
la_defense,48.882211,2.26288,4114.9,613.7,61,,default,26.64
la_defense,48.877867,2.265078,58.5,28.0,9,,default,5.65
la_defense,48.87848,2.265141,81.2,32.7,12,,default,5.44
la_defense,48.880034,2.264426,1057.8,204.6,21,,default,28.49
la_defense,48.871727,2.270159,67.3,32.9,5,,default,8.63
la_defense,48.871758,2.270055,18.9,22.3,5,,default,0.12
la_defense,48.88059,2.266689,453.7,154.4,26,,default,22.55
la_defense,48.880353,2.266659,453.9,106.2,10,,default,30.22
la_defense,48.904641,2.262775,84.6,53.0,5,,default,10.0
la_defense,48.878506,2.264474,203.6,51.1,17,,default,9.98
la_defense,48.879233,2.26465,123.4,45.4,5,,default,9.52
la_defense,48.904712,2.263083,993.0,133.3,5,,default,12.11
la_defense,48.881598,2.265916,164.6,52.5,6,,default,8.21
la_defense,48.880764,2.266116,132.6,62.7,11,,default,7.06
la_defense,48.880634,2.265919,184.4,55.7,5,,default,23.25
la_defense,48.880401,2.266093,926.5,147.0,10,,default,23.91
la_defense,48.882457,2.264482,838.9,174.2,15,,default,17.02
la_defense,48.879944,2.266076,45.1,26.9,5,,default,7.34
la_defense,48.907342,2.261938,926.2,164.7,12,22.4,osm_levels,26.31
la_defense,48.907036,2.261679,231.0,78.2,9,19.200000000000003,osm_levels,26.43
la_defense,48.905777,2.261153,398.6,80.3,5,,default,9.62
la_defense,48.880659,2.265696,177.0,58.8,11,,default,8.71
la_defense,48.880759,2.264643,679.7,130.4,5,19.200000000000003,osm_levels,15.87
la_defense,48.880994,2.264247,216.5,61.9,5,19.200000000000003,osm_levels,15.68
la_defense,48.880474,2.265677,250.9,87.2,13,,default,27.11
la_defense,48.880517,2.265442,162.4,52.5,9,,default,11.79
la_defense,48.906249,2.263802,348.8,75.5,5,22.4,osm_levels,29.76
la_defense,48.904934,2.26297,1532.1,164.6,9,19.200000000000003,osm_levels,20.04
la_defense,48.882244,2.266122,12908.0,1557.0,182,,default,32.22
la_defense,48.878048,2.266759,29.1,22.0,5,,default,6.23
la_defense,48.878928,2.265564,27.0,19.3,7,6.4,osm_levels,4.6
la_defense,48.878761,2.265946,24.0,18.2,7,6.4,osm_levels,3.85
madrid_cuatro_torres,40.472362,-3.683434,722.9,120.9,5,67.2,osm_levels,59.09
madrid_cuatro_torres,40.478985,-3.6806,228.5,67.3,5,,default,4.04
madrid_cuatro_torres,40.467676,-3.68979,2989.8,392.0,11,,default,42.08
madrid_cuatro_torres,40.474177,-3.680337,3384.0,840.4,7,,default,6.55
madrid_cuatro_torres,40.471701,-3.68276,24242.4,722.1,16,,default,52.37
madrid_cuatro_torres,40.471507,-3.680212,657.5,111.8,7,,default,4.71
madrid_cuatro_torres,40.468889,-3.695631,2751.3,223.3,5,,default,24.59
madrid_cuatro_torres,40.466596,-3.685568,342.0,115.4,15,,default,10.24
madrid_cuatro_torres,40.464022,-3.686206,775.3,120.7,5,32.0,osm_levels,38.56
madrid_cuatro_torres,40.469279,-3.687871,584.2,123.4,5,32.0,osm_levels,32.06
madrid_cuatro_torres,40.471967,-3.682874,2156.7,386.2,6,,default,27.05
madrid_cuatro_torres,40.474364,-3.681974,2246.6,692.7,6,,default,6.26
madrid_cuatro_torres,40.468546,-3.687991,1961.7,226.7,7,28.8,osm_levels,28.84
madrid_cuatro_torres,40.471659,-3.680985,1910.8,182.8,5,,default,8.46
madrid_cuatro_torres,40.467539,-3.688285,1202.4,201.9,8,35.2,osm_levels,43.7
madrid_cuatro_torres,40.480909,-3.686748,730.7,156.0,11,51.2,osm_levels,56.58
madrid_cuatro_torres,40.481179,-3.686707,614.6,179.3,19,35.2,osm_levels,39.16
madrid_cuatro_torres,40.466753,-3.684991,168.8,52.7,10,,default,11.86
madrid_cuatro_torres,40.468669,-3.681723,158.9,63.9,22,,default,8.96
madrid_cuatro_torres,40.47605,-3.681715,165.2,56.7,7,,default,7.55
madrid_cuatro_torres,40.464402,-3.683918,606.8,119.7,25,,default,16.49
madrid_cuatro_torres,40.467642,-3.68679,299.2,89.5,9,35.2,osm_levels,33.88
madrid_cuatro_torres,40.469769,-3.68629,179.1,69.1,11,38.400000000000006,osm_levels,43.33
madrid_cuatro_torres,40.464717,-3.68447,230.5,75.5,13,,default,9.88
madrid_cuatro_torres,40.463108,-3.688288,584.8,111.8,16,35.2,osm_levels,34.59
madrid_cuatro_torres,40.465979,-3.685436,411.7,97.3,7,22.4,osm_levels,22.6
madrid_cuatro_torres,40.474561,-3.680643,3876.8,1005.5,5,,default,6.77
madrid_cuatro_torres,40.472173,-3.681104,351.3,105.0,5,,default,21.44
madrid_cuatro_torres,40.480887,-3.686413,149.4,52.5,5,54.400000000000006,osm_levels,57.02
madrid_cuatro_torres,40.473665,-3.679715,413.0,81.7,5,,default,10.91
madrid_cuatro_torres,40.480738,-3.686493,229.4,61.4,5,38.400000000000006,osm_levels,36.78
madrid_cuatro_torres,40.471586,-3.680965,1158.5,150.4,7,9.6,osm_levels,6.45
madrid_cuatro_torres,40.481566,-3.68661,1471.5,163.0,12,,default,17.54
madrid_cuatro_torres,40.473252,-3.67965,1490.0,233.4,19,9.6,osm_levels,10.71
madrid_cuatro_torres,40.480812,-3.687045,102.0,43.4,5,6.4,osm_levels,7.78
madrid_cuatro_torres,40.481054,-3.686168,130.9,46.8,5,9.6,osm_levels,13.58
madrid_cuatro_torres,40.480997,-3.686328,700.6,142.3,9,32.0,osm_levels,36.93
madrid_cuatro_torres,40.47332,-3.679647,853.7,168.2,13,12.8,osm_levels,10.64
madrid_cuatro_torres,40.471428,-3.680579,569.2,149.8,13,,default,5.06
madrid_cuatro_torres,40.481103,-3.686183,353.6,125.4,13,6.4,osm_levels,11.27
madrid_cuatro_torres,40.472918,-3.679892,621.0,112.0,5,6.4,osm_levels,3.88
madrid_cuatro_torres,40.466752,-3.688388,590.3,90.6,9,,default,116.9
madrid_cuatro_torres,40.480776,-3.686821,459.8,92.7,5,9.6,osm_levels,17.46
madrid_cuatro_torres,40.481314,-3.686478,113.5,43.7,5,12.8,osm_levels,16.91
madrid_cuatro_torres,40.457412,-3.678255,1510.0,157.3,7,,default,11.74
madrid_cuatro_torres,40.478453,-3.694404,532.2,96.6,7,,default,4.39
madrid_cuatro_torres,40.478601,-3.686698,132.8,46.9,5,,default,4.48
madrid_cuatro_torres,40.46216,-3.688625,1356.0,174.6,12,,default,32.08
madrid_cuatro_torres,40.488007,-3.681634,3852.7,250.3,11,,default,15.4
madrid_cuatro_torres,40.477969,-3.67513,392.7,79.5,5,,default,49.83
madrid_cuatro_torres,40.477583,-3.691181,363.3,88.1,6,,default,8.41
madrid_cuatro_torres,40.456646,-3.690884,436.0,101.9,18,,default,42.93
madrid_cuatro_torres,40.456866,-3.690862,438.0,101.1,17,,default,43.2
madrid_cuatro_torres,40.457087,-3.690841,442.4,101.8,21,,default,42.53
madrid_cuatro_torres,40.485009,-3.681889,785.6,112.7,5,,default,8.09
madrid_cuatro_torres,40.457311,-3.690818,450.8,102.6,18,,default,41.93
madrid_cuatro_torres,40.468645,-3.681082,160.2,54.6,9,,default,8.29
madrid_cuatro_torres,40.468566,-3.680704,220.7,62.5,5,,default,10.57
madrid_cuatro_torres,40.476653,-3.678386,4601.1,374.1,34,,default,44.16
madrid_cuatro_torres,40.468754,-3.680682,136.6,47.3,5,,default,12.33
madrid_cuatro_torres,40.469686,-3.695117,1347.2,147.2,5,,default,23.45
madrid_cuatro_torres,40.467479,-3.677715,1120.6,172.7,11,,default,20.16
madrid_cuatro_torres,40.468911,-3.680703,150.0,51.1,7,,default,9.29
madrid_cuatro_torres,40.478467,-3.684986,632.4,129.4,5,,default,8.88
madrid_cuatro_torres,40.459949,-3.690667,324.2,96.5,9,76.80000000000001,osm_levels,79.6
madrid_cuatro_torres,40.479528,-3.680113,741.5,139.8,5,,default,7.25
madrid_cuatro_torres,40.467812,-3.694491,1414.2,291.0,15,,default,18.43
madrid_cuatro_torres,40.47457,-3.677961,888.0,213.4,17,,default,5.22
madrid_cuatro_torres,40.476835,-3.682688,6850.6,367.8,19,,default,9.77
madrid_cuatro_torres,40.474223,-3.678109,358.4,84.5,5,,default,7.58
madrid_cuatro_torres,40.467002,-3.689985,1274.0,143.3,5,96.0,osm_levels,118.32
madrid_cuatro_torres,40.472103,-3.683542,270.6,66.0,5,67.2,osm_levels,61.2
madrid_cuatro_torres,40.479356,-3.699612,1232.5,153.3,9,51.2,osm_levels,44.48
madrid_cuatro_torres,40.476534,-3.681533,1037.8,171.2,26,,default,17.74
madrid_cuatro_torres,40.477749,-3.700151,504.3,135.0,25,51.2,osm_levels,46.93
madrid_cuatro_torres,40.486736,-3.684194,360.1,106.3,21,,default,21.27
madrid_cuatro_torres,40.474724,-3.679027,358.4,84.4,5,,default,7.95
madrid_cuatro_torres,40.478688,-3.68072,126.3,45.1,5,,default,4.89
madrid_cuatro_torres,40.465005,-3.690434,2652.4,354.0,44,,default,42.0
madrid_cuatro_torres,40.474193,-3.678761,641.1,136.8,5,,default,7.67
madrid_cuatro_torres,40.463974,-3.682971,598.6,110.1,7,38.400000000000006,osm_levels,36.03
madrid_cuatro_torres,40.479549,-3.684726,141.8,47.8,5,,default,4.93
madrid_cuatro_torres,40.463852,-3.687061,956.6,139.2,5,35.2,osm_levels,33.65
madrid_cuatro_torres,40.462264,-3.688048,372.1,100.0,13,32.0,osm_levels,27.95
madrid_cuatro_torres,40.467291,-3.686671,1157.4,149.5,13,35.2,osm_levels,33.65
madrid_cuatro_torres,40.463873,-3.684947,1785.3,278.5,16,,default,16.95
madrid_cuatro_torres,40.475007,-3.680267,4801.0,1200.8,5,,default,6.77
madrid_cuatro_torres,40.466108,-3.690727,1052.2,148.0,7,80.0,osm_levels,79.13
madrid_cuatro_torres,40.463789,-3.690739,4213.4,289.8,5,35.2,osm_levels,49.58
madrid_cuatro_torres,40.462054,-3.687987,49.7,71.0,9,25.6,osm_levels,25.96
madrid_cuatro_torres,40.462088,-3.688023,327.9,76.1,10,32.0,osm_levels,27.27
madrid_cuatro_torres,40.468222,-3.68798,360.9,80.9,5,25.6,osm_levels,28.66
madrid_cuatro_torres,40.48054,-3.688464,56.4,29.3,7,,default,11.32
madrid_cuatro_torres,40.466697,-3.688085,1272.4,143.2,5,12.8,osm_levels,115.56
madrid_cuatro_torres,40.480513,-3.688306,1414.2,218.2,14,22.4,osm_levels,31.98
madrid_cuatro_torres,40.46671,-3.688168,1270.7,143.0,5,57.6,osm_levels,116.9
madrid_cuatro_torres,40.481118,-3.684628,653.3,114.1,9,,default,7.41
madrid_cuatro_torres,40.463564,-3.688639,817.4,132.9,5,28.8,osm_levels,32.99
madrid_cuatro_torres,40.465582,-3.688206,288.9,60.7,17,,default,40.23
madrid_cuatro_torres,40.473527,-3.679368,614.3,101.8,5,,default,11.05
madrid_cuatro_torres,40.481149,-3.688071,277.5,84.6,11,16.0,osm_levels,23.84
madrid_cuatro_torres,40.48104,-3.688268,436.3,97.0,9,12.8,osm_levels,21.79
madrid_cuatro_torres,40.479127,-3.701255,1213.1,151.7,9,51.2,osm_levels,43.59
madrid_cuatro_torres,40.480838,-3.688102,820.0,135.9,17,,default,16.29
madrid_cuatro_torres,40.481046,-3.686589,108.3,44.6,10,41.6,osm_levels,43.69
madrid_cuatro_torres,40.466703,-3.688121,1274.2,143.3,5,32.0,osm_levels,116.46
madrid_cuatro_torres,40.481002,-3.686481,7157.2,438.9,18,54.400000000000006,osm_levels,54.94
madrid_cuatro_torres,40.481635,-3.687184,1665.1,290.3,20,25.6,osm_levels,25.32
miami,25.766973,-80.160616,85.9,40.4,13,,default,6.44
miami,25.775856,-80.188203,610.3,115.3,9,41.6,osm_levels,38.7
miami,25.782654,-80.18998,541.6,96.8,11,,default,165.28
miami,25.779162,-80.187529,11193.9,488.1,15,,default,11.93
miami,25.779045,-80.186806,3192.9,440.6,29,,default,15.48
miami,25.771869,-80.168355,87.5,37.6,5,,default,3.54
miami,25.774713,-80.168857,2739.5,230.1,15,,default,9.89
miami,25.77489,-80.169658,670.9,121.6,16,,default,6.97
miami,25.775674,-80.171039,5773.5,321.2,13,,default,11.38
miami,25.747863,-80.175588,1742.6,184.9,13,,default,14.1
miami,25.774912,-80.1856,47.2,27.7,5,,default,7.46
miami,25.746619,-80.174357,101.8,42.8,7,,default,4.24
miami,25.745767,-80.193214,59.6,31.1,5,,default,4.15
miami,25.774836,-80.189321,9685.2,509.7,23,,default,13.55
miami,25.776887,-80.170504,144.0,51.8,7,,default,6.7
miami,25.77789,-80.188821,1878.0,203.5,9,35.2,osm_levels,38.89
miami,25.779224,-80.179264,14043.9,531.5,21,,default,13.91
miami,25.775367,-80.190077,400.1,85.4,5,,default,9.99
miami,25.790741,-80.178292,391.5,88.5,11,,default,6.25
miami,25.790296,-80.179309,100.7,42.0,5,,default,8.48
miami,25.79081,-80.178081,417.4,102.9,17,,default,4.77
miami,25.789834,-80.179315,39.2,26.4,5,,default,5.3
miami,25.789728,-80.178345,247.0,64.2,5,,default,7.43
miami,25.79048,-80.179005,3078.8,383.9,33,,default,40.93
miami,25.776987,-80.188656,1218.3,142.4,5,160.0,osm_levels,168.18
miami,25.79078,-80.178525,428.2,90.8,15,,default,9.73
miami,25.776504,-80.189085,1310.2,148.4,5,160.0,osm_levels,168.06
miami,25.789696,-80.179034,19.2,18.7,5,,default,3.64
miami,25.776686,-80.188905,8477.8,573.9,16,,default,41.34
miami,25.77898,-80.176928,1992.0,274.4,5,,default,8.66
miami,25.782415,-80.166079,278.4,83.2,11,,default,8.0
miami,25.782092,-80.166609,225.6,72.2,9,,default,12.46
miami,25.776069,-80.188254,816.7,118.9,5,57.6,osm_levels,59.45
miami,25.778568,-80.177882,1030.8,177.4,13,,default,7.43
miami,25.775884,-80.188476,354.3,76.2,7,,default,38.33
miami,25.775563,-80.188133,1069.0,138.7,5,99.2,osm_levels,106.37
miami,25.776012,-80.188966,1472.1,163.6,7,,default,17.38
miami,25.778765,-80.178236,435.7,86.4,7,,default,7.97
miami,25.778024,-80.175757,463.9,117.9,9,,default,4.71
miami,25.777888,-80.176038,155.8,56.1,5,,default,4.33
miami,25.777865,-80.175388,191.4,57.6,5,,default,4.21
miami,25.777516,-80.180154,4899.4,292.5,7,,default,10.03
miami,25.77645,-80.178189,2790.9,236.5,13,,default,29.84
miami,25.774717,-80.191488,6688.5,331.4,16,,default,38.51
miami,25.780125,-80.1636,359.6,85.9,9,,default,10.8
miami,25.77215,-80.168882,1071.0,138.3,5,,default,6.44
miami,25.780015,-80.163872,970.5,204.2,41,,default,11.31
miami,25.78011,-80.164159,933.1,157.4,19,,default,11.89
miami,25.775546,-80.190106,662.8,119.1,9,,default,70.72
miami,25.779666,-80.164068,138.2,53.0,5,,default,6.25
miami,25.774733,-80.191012,1747.2,217.3,5,,default,19.94
miami,25.775003,-80.190658,1630.7,167.8,5,,default,25.06
miami,25.766848,-80.156978,55.8,36.6,5,,default,6.16
miami,25.780002,-80.163201,288.0,91.1,13,,default,9.69
miami,25.7748,-80.190651,752.1,134.7,5,,default,8.57
miami,25.784534,-80.176362,264.2,65.7,5,,default,7.5
miami,25.772917,-80.170762,16565.3,576.4,17,,default,10.25
miami,25.775287,-80.16755,17628.3,673.4,19,,default,17.38
miami,25.784726,-80.176583,3278.0,294.1,21,,default,17.0
miami,25.790366,-80.177463,365.1,84.4,9,,default,4.93
miami,25.790847,-80.166204,668.1,156.3,23,,default,15.17
miami,25.782066,-80.166438,202.2,71.6,17,,default,7.98
miami,25.79754,-80.186237,2190.0,269.9,13,,default,49.8
miami,25.781714,-80.167384,241.9,74.9,17,,default,13.43
miami,25.781536,-80.167826,290.5,82.7,15,,default,9.99
miami,25.781857,-80.167478,99.1,43.1,7,,default,8.52
miami,25.781397,-80.16803,31.9,22.9,9,,default,2.41
miami,25.773879,-80.189389,4001.8,260.3,12,,default,16.31
miami,25.781699,-80.167894,358.7,104.0,12,,default,11.11
miami,25.782449,-80.166252,269.7,71.9,7,,default,10.16
miami,25.779659,-80.163409,557.0,128.2,32,,default,10.94
miami,25.779304,-80.175921,38.6,22.8,9,,default,16.2
miami,25.779585,-80.163109,902.0,158.7,38,,default,11.7
miami,25.779234,-80.176127,29.6,19.9,9,,default,15.96
miami,25.778224,-80.186642,171.1,53.5,5,,default,12.55
miami,25.794134,-80.194495,1246.6,165.0,11,,default,6.46
miami,25.777763,-80.186825,37.9,29.1,6,,default,2.58
miami,25.788618,-80.195847,1739.0,186.9,9,,default,7.17
miami,25.778219,-80.180352,474.0,89.9,5,,default,9.31
miami,25.787164,-80.194417,859.0,136.5,8,,default,5.08
miami,25.777914,-80.173758,2022.6,235.6,10,,default,12.51
miami,25.778945,-80.177903,1010.6,175.6,13,,default,7.53
miami,25.775214,-80.176944,5935.5,327.8,17,,default,14.06
miami,25.77476,-80.178254,235.4,58.6,10,,default,6.61
miami,25.776205,-80.18606,422.9,82.6,5,,default,14.68
miami,25.776121,-80.185965,71.4,34.2,5,,default,8.33
miami,25.78136,-80.187947,16003.3,455.8,34,,default,43.77
miami,25.778357,-80.183648,21.7,19.3,5,,default,0.52
miami,25.76816,-80.184342,68.6,46.4,5,,default,49.32
miami,25.785386,-80.187901,638.5,183.9,15,19.200000000000003,osm_levels,32.0
miami,25.767062,-80.18429,1863.5,202.2,11,,default,67.95
miami,25.76732,-80.183488,982.2,139.8,5,,default,19.22
miami,25.766953,-80.183525,171.5,61.7,7,,default,37.02
miami,25.767054,-80.184864,1407.2,201.6,7,,default,14.29
miami,25.771238,-80.188507,2085.3,188.0,5,28.8,osm_levels,43.11
miami,25.771302,-80.186789,957.3,141.9,14,19.200000000000003,osm_levels,25.05
miami,25.778928,-80.19007,194.3,57.1,7,,default,6.0
miami,25.773772,-80.192139,2065.1,200.1,9,,default,11.32
miami,25.772377,-80.168475,916.4,124.4,5,,default,5.68
miami,25.74513,-80.174162,605.4,113.2,17,,default,16.43
miami,25.77762,-80.190864,3902.3,296.4,24,,default,34.02
miami,25.790339,-80.177208,322.4,93.9,17,,default,5.29
miami,25.773792,-80.191598,1207.7,179.9,9,,default,9.93
miami,25.782504,-80.166407,181.0,72.0,9,,default,7.2
miami,25.789822,-80.167137,298.7,76.8,9,,default,11.22
miami,25.782604,-80.16651,323.6,84.3,11,,default,5.67
miami,25.775434,-80.191395,1322.0,168.7,9,,default,7.46
miami,25.782334,-80.167038,180.2,58.0,12,,default,11.46
miami,25.789778,-80.16731,313.2,97.2,11,,default,13.28
miami,25.780599,-80.162746,106.1,46.6,9,,default,6.5
miami,25.78202,-80.167502,181.7,60.1,13,,default,6.77
miami,25.780521,-80.162787,104.0,44.6,8,,default,6.39
miami,25.781895,-80.167759,135.3,47.7,5,,default,7.55
miami,25.783391,-80.19016,5216.4,297.6,16,204.8,osm_levels,197.35
miami,25.782312,-80.167261,189.0,61.7,10,,default,11.75
miami,25.780291,-80.189712,1891.3,180.8,9,,default,58.31
miami,25.773969,-80.191389,1044.1,131.4,10,,default,13.88
miami,25.773981,-80.190872,651.9,110.2,7,,default,10.0
miami,25.773243,-80.190444,476.9,89.4,5,,default,50.48
miami,25.780163,-80.164504,805.3,125.6,13,,default,12.43
miami,25.770162,-80.163411,3879.6,272.4,9,,default,8.64
miami,25.779536,-80.16373,139.4,50.6,7,,default,7.92
miami,25.779403,-80.16345,78.6,35.9,5,,default,6.97
miami,25.773644,-80.189654,202.2,63.3,5,,default,9.26
miami,25.773969,-80.191022,455.2,100.4,7,,default,12.8
miami,25.773984,-80.191162,520.5,98.6,5,,default,21.5
miami,25.773973,-80.191053,227.4,86.1,5,,default,13.6
miami,25.795449,-80.193063,1628.3,166.0,11,,default,7.46
miami,25.773966,-80.190991,227.8,88.1,7,,default,12.4
miami,25.774043,-80.190938,129.2,55.7,5,,default,9.79
miami,25.774044,-80.190878,131.4,56.0,5,,default,8.03
miami,25.774047,-80.190817,138.6,56.5,5,,default,9.11
miami,25.774058,-80.190746,156.2,55.6,5,,default,11.63
miami,25.777246,-80.172006,5632.4,307.2,5,,default,14.03
miami,25.774066,-80.190669,141.5,52.7,5,,default,13.07
miami,25.794921,-80.193768,1278.6,147.3,8,,default,13.84
miami,25.757503,-80.190075,1063.9,150.6,5,,default,29.93
miami,25.758249,-80.189255,110.1,42.1,5,,default,4.54
miami,25.788546,-80.19347,1480.4,163.2,5,112.0,osm_levels,108.72
miami,25.773062,-80.188249,8303.5,376.4,5,,default,75.18
miami,25.782197,-80.165551,351.4,93.2,7,,default,9.34
miami,25.782379,-80.193075,11363.5,469.4,21,,default,48.93
miami,25.781939,-80.166178,317.3,80.3,11,,default,4.96
miami,25.77766,-80.175281,106.5,48.5,7,,default,4.79
miami,25.782243,-80.16599,57.4,30.5,5,,default,8.53
miami,25.752981,-80.196931,1249.3,184.4,5,,default,9.43
miami,25.773902,-80.187999,3251.1,232.0,12,128.0,osm_levels,138.48
miami,25.744379,-80.153183,106.2,41.6,5,,default,5.96
miami,25.751861,-80.15326,127.6,49.1,5,,default,3.92
miami,25.773126,-80.167452,250.6,63.6,5,,default,7.43
miami,25.790169,-80.185732,3971.8,273.6,7,,default,97.02
miami,25.789823,-80.166971,441.8,120.2,11,,default,11.98
miami,25.781405,-80.167693,246.4,70.8,15,,default,9.09
miami,25.775976,-80.189951,1796.0,245.1,17,115.2,osm_levels,131.68
miami,25.787771,-80.195663,7511.0,353.4,12,,default,15.96
miami,25.778756,-80.177933,1143.2,136.9,5,,default,24.54
miami,25.77695,-80.189159,577.4,94.9,20,,default,43.45
miami,25.775704,-80.189321,4059.4,296.7,13,,default,23.43
miami,25.757507,-80.197194,22.6,21.3,7,,default,12.03
miami,25.756967,-80.19814,17.4,16.8,5,,default,11.48
miami,25.757114,-80.197992,312.6,79.4,9,,default,4.75
miami,25.756261,-80.19218,62.4,33.3,5,,default,15.93
miami,25.756298,-80.192199,36.9,28.7,5,,default,17.8
miami,25.779379,-80.162894,657.7,124.4,13,,default,11.3
miami,25.754003,-80.199081,348.8,83.4,5,,default,7.54
miami,25.779151,-80.175536,593.1,221.0,6,,default,15.38
miami,25.77873,-80.190694,883.8,154.3,21,51.2,osm_levels,47.12
miami,25.778531,-80.190176,405.4,85.1,7,28.8,osm_levels,44.48
miami,25.778524,-80.189579,4068.2,400.1,13,25.6,osm_levels,39.47
miami,25.775605,-80.173633,429.0,88.0,13,,default,8.12
miami,25.772895,-80.188005,1344.3,160.7,5,60.8,osm_levels,75.77
miami,25.776828,-80.170965,963.2,154.9,9,,default,9.1
miami,25.775275,-80.178171,181.8,54.3,5,,default,8.74
miami,25.776955,-80.171262,516.1,128.8,5,,default,7.57
miami,25.776779,-80.171585,50.7,30.5,7,,default,4.4
miami,25.753704,-80.197543,1904.4,204.0,5,70.4,osm_levels,52.73
miami,25.786034,-80.186289,2969.1,240.1,7,19.200000000000003,osm_levels,22.32
miami,25.786023,-80.186258,8249.0,374.2,5,16.0,osm_levels,22.24
miami,25.767064,-80.184151,3558.2,331.4,15,67.2,osm_levels,67.5
miami,25.766963,-80.183582,118.4,60.0,5,,default,40.76
miami,25.765281,-80.184101,755.3,123.4,7,,default,97.75
miami,25.767974,-80.183901,2880.2,325.0,17,60.8,osm_levels,54.75
miami,25.769531,-80.191685,3045.1,243.3,10,,default,124.12
miami,25.770423,-80.18927,2287.4,267.9,20,48.0,osm_levels,56.25
miami,25.773688,-80.186128,217.4,61.2,5,,default,8.35
miami,25.785283,-80.188041,5567.4,505.3,27,6.4,osm_levels,29.25
miami,25.776033,-80.189821,832.9,129.3,9,,default,127.97
miami,25.759011,-80.19037,2230.0,209.1,13,,default,4.49
miami,25.766403,-80.185759,1775.5,190.0,19,25.6,osm_levels,35.42
miami,25.767144,-80.184574,127.4,61.7,5,,default,61.12
miami,25.772264,-80.190653,4029.7,270.6,25,44.8,osm_levels,40.63
miami,25.773022,-80.189599,7626.9,431.5,16,22.4,osm_levels,48.89
miami,25.773928,-80.191754,530.3,109.9,5,41.6,osm_levels,44.52
miami,25.774081,-80.190475,501.5,97.0,7,35.2,osm_levels,43.06
miami,25.772139,-80.162867,39.9,25.4,5,,default,6.4
prague_pankrac,50.049193,14.438148,934.4,122.8,5,80.0,osm_levels,76.25
prague_pankrac,50.049205,14.435933,3134.9,267.1,9,96.0,osm_levels,105.71
prague_pankrac,50.0509,14.439352,285.5,81.2,13,,default,16.21
prague_pankrac,50.051473,14.440526,743.2,123.1,5,32.0,osm_levels,37.24
prague_pankrac,50.048594,14.432706,1011.5,203.0,13,16.0,osm_levels,11.64
prague_pankrac,50.050813,14.438146,3762.8,562.7,29,,default,23.48
prague_pankrac,50.050146,14.443182,9261.2,414.8,9,,default,18.16
prague_pankrac,50.04938,14.43633,944.0,123.5,5,,default,106.42
prague_pankrac,50.052313,14.439536,187.3,57.0,7,25.6,osm_levels,26.48
prague_pankrac,50.050375,14.436164,2012.6,204.6,9,99.2,osm_levels,113.35
prague_pankrac,50.048834,14.430589,167.6,55.7,5,,default,10.87
prague_pankrac,50.047557,14.43174,1010.0,203.7,13,28.8,osm_levels,25.0
prague_pankrac,50.05442,14.427016,162.8,51.3,5,,default,12.66
prague_pankrac,50.052245,14.437734,534.1,128.2,5,41.6,osm_levels,37.47
prague_pankrac,50.052081,14.440285,1916.5,285.4,11,22.4,osm_levels,24.15
prague_pankrac,50.050863,14.440777,333.4,198.3,8,28.8,osm_levels,23.58
prague_pankrac,50.047709,14.428867,159.3,56.2,19,16.0,osm_levels,14.68
prague_pankrac,50.048301,14.429027,252.8,64.4,5,25.6,osm_levels,26.74
prague_pankrac,50.047613,14.433992,3099.1,526.7,60,28.8,osm_levels,25.52
prague_pankrac,50.04827,14.43061,3141.1,241.5,9,6.4,osm_levels,16.38
prague_pankrac,50.049172,14.44381,3774.8,247.0,5,22.4,osm_levels,28.52
prague_pankrac,50.047738,14.432407,1010.0,203.7,13,28.8,osm_levels,24.89
seattle,47.598613,-122.336472,1955.7,245.4,5,,default,12.95
seattle,47.597566,-122.333687,3967.9,267.0,5,,default,25.18
seattle,47.59599,-122.333573,1554.9,194.0,5,32.0,osm_levels,37.69
seattle,47.595067,-122.333721,804.0,115.1,9,,default,18.04
seattle,47.594555,-122.333682,1900.4,174.9,7,,default,6.11
seattle,47.593276,-122.332269,16736.7,533.4,7,,default,16.18
seattle,47.595136,-122.331658,49401.7,879.0,44,,default,59.95
seattle,47.59337,-122.333683,1581.0,160.9,7,16.0,osm_levels,19.29
seattle,47.648474,-122.331728,2420.5,225.3,12,,default,14.77
seattle,47.647131,-122.332574,209.6,64.5,5,,default,4.49
seattle,47.646908,-122.3391,965.1,177.2,7,,default,10.53
seattle,47.646267,-122.333662,58.3,35.2,5,,default,8.82
seattle,47.646072,-122.333367,786.0,138.3,9,,default,13.07
seattle,47.645903,-122.333402,901.2,148.8,17,,default,13.17
seattle,47.645632,-122.337054,250.6,66.5,5,,default,7.99
seattle,47.645362,-122.337089,60.3,31.8,5,,default,4.96
seattle,47.647372,-122.340878,1247.9,170.5,9,,default,15.64
seattle,47.645706,-122.33759,365.5,85.3,9,,default,6.67
seattle,47.593738,-122.324247,2255.7,200.9,7,,default,12.97
seattle,47.648278,-122.342388,728.6,113.3,5,,default,12.84
seattle,47.597855,-122.33096,4291.8,319.8,28,,default,79.13
seattle,47.597753,-122.331039,1479.7,219.5,13,,default,80.47
seattle,47.636935,-122.328807,349.0,87.2,5,,default,7.37
seattle,47.63719,-122.32877,789.0,140.7,15,,default,5.13
seattle,47.635414,-122.32773,994.8,158.8,9,,default,8.74
seattle,47.598314,-122.336145,29.7,22.8,5,,default,3.48
seattle,47.596679,-122.331585,47.4,32.9,5,,default,4.19
seattle,47.596537,-122.332236,77.1,49.5,5,,default,4.62
seattle,47.631076,-122.34189,1906.0,213.6,15,,default,33.83
seattle,47.633283,-122.339832,653.3,116.0,5,,default,11.01
seattle,47.59631,-122.333683,1028.9,135.1,6,22.4,osm_levels,29.3
seattle,47.597028,-122.336596,567.6,101.5,19,,default,13.8
seattle,47.631316,-122.341355,1176.4,142.7,9,,default,10.88
seattle,47.596989,-122.337199,218.4,77.9,5,,default,5.45
seattle,47.634381,-122.339662,1177.4,144.0,5,22.4,osm_levels,31.27
seattle,47.630554,-122.340279,18.9,17.9,5,,default,2.62
seattle,47.597475,-122.334702,4323.1,309.7,8,22.4,osm_levels,29.52
seattle,47.593946,-122.331778,759.4,171.4,9,,default,29.01
seattle,47.596888,-122.335194,1628.2,218.9,17,,default,19.58
seattle,47.592252,-122.330707,503.3,182.7,5,,default,53.53
seattle,47.629988,-122.339604,1254.5,138.3,9,35.2,osm_levels,46.05
seattle,47.62754,-122.340574,3491.5,337.2,20,25.6,osm_levels,23.16
seattle,47.594848,-122.333679,1046.6,137.4,5,16.0,osm_levels,19.3
seattle,47.594031,-122.333728,944.8,128.0,5,22.4,osm_levels,26.79
seattle,47.592709,-122.333719,1602.5,219.6,9,28.8,osm_levels,29.2
seattle,47.593997,-122.333761,1183.8,157.8,7,,default,26.6
seattle,47.593639,-122.333687,829.6,127.2,5,22.4,osm_levels,20.69
seattle,47.591333,-122.332712,41955.6,946.8,31,,default,65.06
seattle,47.647419,-122.332096,54.8,32.4,5,,default,5.88
seattle,47.641178,-122.329128,358.4,83.9,18,,default,11.43
seattle,47.59612,-122.324652,834.6,121.6,7,,default,6.41
seattle,47.639252,-122.328945,159.5,55.8,11,,default,13.73
seattle,47.638424,-122.329237,91.0,39.5,9,,default,8.11
seattle,47.634975,-122.327528,379.4,86.6,5,,default,7.95
seattle,47.602728,-122.3356,942.3,123.3,5,,default,18.1
seattle,47.634867,-122.327562,200.7,77.4,7,,default,7.86
seattle,47.601574,-122.335733,144.4,55.5,7,,default,12.5
seattle,47.597674,-122.332081,1207.1,144.3,8,86.4,osm_levels,81.77
seattle,47.593436,-122.326624,7519.5,380.8,10,,default,8.21
seattle,47.597861,-122.332431,6617.9,336.5,9,,default,78.9
seattle,47.625848,-122.341645,4232.4,361.6,18,,default,60.91
seattle,47.626043,-122.341666,1880.6,200.7,10,48.0,osm_levels,64.08
seattle,47.596451,-122.333685,390.7,108.6,5,25.6,osm_levels,27.44
seattle,47.595164,-122.330582,10139.2,491.5,20,,default,64.27
seattle,47.598675,-122.335203,2023.8,185.4,7,28.8,osm_levels,36.09
seattle,47.622975,-122.334838,1119.7,146.2,16,99.2,osm_levels,90.53
seattle,47.598074,-122.333686,1121.3,140.5,5,22.4,osm_levels,27.42
seattle,47.622415,-122.333806,530.8,117.7,8,89.60000000000001,osm_levels,59.11
seattle,47.592196,-122.332341,1582.7,217.6,5,,default,37.36
seattle,47.623617,-122.334842,566.6,97.6,5,44.8,osm_levels,59.1
seattle,47.629902,-122.34163,1275.7,180.6,5,19.200000000000003,osm_levels,34.17
seattle,47.626336,-122.339405,1195.2,154.8,8,,default,9.32
seattle,47.623617,-122.334853,3039.6,236.5,13,,default,57.72
seattle,47.623617,-122.33484,2854.6,226.2,9,41.6,osm_levels,57.74
seattle,47.630305,-122.340304,273.1,95.2,15,,default,6.61
seattle,47.628337,-122.341409,2432.7,203.2,5,,default,9.95
seattle,47.593268,-122.331082,10082.3,456.9,11,28.8,osm_levels,21.87
seattle,47.625294,-122.3364,4189.2,357.0,21,19.200000000000003,osm_levels,31.82
seattle,47.629096,-122.340283,85.8,37.4,7,,default,6.96
seattle,47.626368,-122.335931,38.9,27.5,5,,default,5.52
seattle,47.628571,-122.339823,293.0,69.6,5,,default,7.97
seattle,47.625225,-122.335445,2983.2,240.0,5,41.6,osm_levels,57.42
seattle,47.591227,-122.331433,694.9,138.4,6,,default,82.26
seattle,47.591042,-122.333367,1120.9,133.6,11,,default,23.84
seattle,47.591389,-122.333322,1373.5,155.0,8,,default,22.94
seattle,47.591115,-122.332749,6964.2,888.8,41,,default,67.45
seattle,47.626729,-122.334903,1087.9,170.1,28,,default,11.34
seattle,47.628427,-122.329989,10623.4,626.9,68,,default,29.74
seattle,47.585217,-122.354471,945.8,150.8,17,,default,14.62
seattle,47.585557,-122.354545,767.0,112.1,5,,default,15.81
seattle,47.585705,-122.353893,388.9,79.7,5,,default,13.33
seattle,47.585243,-122.353492,440.8,75.2,17,,default,14.92
seattle,47.584506,-122.373915,681.6,120.7,7,,default,10.57
seattle,47.606446,-122.339879,1496.5,156.1,5,,default,53.22
seattle,47.651618,-122.328888,40.8,27.3,5,,default,3.01
seattle,47.651605,-122.329334,88.5,41.3,5,,default,4.2
seattle,47.58668,-122.334716,2548.7,209.3,9,,default,7.37
seattle,47.65102,-122.329856,197.9,73.0,10,,default,4.05
seattle,47.587431,-122.334693,1637.7,163.3,7,,default,5.89
seattle,47.591866,-122.327564,8.5,13.3,5,,default,1.43
seattle,47.597674,-122.323414,425.1,85.4,5,,default,12.24
seattle,47.649542,-122.331172,837.8,127.6,7,,default,15.03
seattle,47.593711,-122.341187,200.2,60.6,5,,default,8.12
seattle,47.593694,-122.341069,99.9,50.6,5,,default,4.53
seattle,47.598531,-122.329902,4854.1,330.7,16,,default,22.55
seattle,47.64804,-122.332191,1935.0,314.4,40,,default,10.02
seattle,47.648873,-122.343786,322.3,70.5,7,,default,4.58
seattle,47.598078,-122.330981,896.8,146.3,21,,default,77.78
seattle,47.64135,-122.329114,198.1,60.2,5,,default,10.99
seattle,47.641686,-122.329191,399.0,83.7,9,,default,6.42
seattle,47.58993,-122.335483,1959.8,192.9,7,,default,9.84
seattle,47.589912,-122.336217,2702.2,215.0,8,,default,18.98
seattle,47.649033,-122.344989,293.1,71.6,11,,default,13.98
seattle,47.637596,-122.328814,151.7,51.4,9,,default,15.48
seattle,47.586908,-122.331694,1194.9,196.7,7,,default,7.19
seattle,47.584048,-122.367854,466.0,91.1,9,,default,7.17
seattle,47.622678,-122.341947,373.5,120.1,9,83.2,osm_levels,58.4
seattle,47.6376,-122.329126,191.6,59.5,7,,default,11.66
seattle,47.622645,-122.341938,1911.5,196.5,9,70.4,osm_levels,57.28
seattle,47.588888,-122.333703,4607.8,301.6,13,,default,9.64
seattle,47.642866,-122.342898,1192.9,159.6,9,,default,9.07
seattle,47.602479,-122.335374,969.6,125.1,5,,default,27.38
seattle,47.590809,-122.335689,1447.1,207.5,11,,default,7.13
seattle,47.625711,-122.345291,1524.3,190.5,7,,default,9.66
seattle,47.626079,-122.344543,703.1,116.9,5,,default,10.93
seattle,47.626085,-122.34409,406.3,103.0,15,,default,9.22
seattle,47.588695,-122.380864,738.1,143.8,21,,default,16.77
seattle,47.58642,-122.329703,165.4,60.0,5,,default,5.85
seattle,47.595959,-122.331636,1261.3,148.4,9,,default,63.59
seattle,47.587678,-122.331663,166.1,56.5,5,,default,6.76
seattle,47.590812,-122.334733,3363.7,311.4,14,,default,10.48
seattle,47.590319,-122.325436,2185.7,193.4,9,,default,14.63
seattle,47.630796,-122.341378,333.3,92.6,9,,default,8.84
seattle,47.630678,-122.327922,193.1,63.6,9,,default,14.99
seattle,47.62517,-122.339056,4700.3,286.4,15,22.4,osm_levels,31.14
seattle,47.622963,-122.334843,1339.6,163.8,23,28.8,osm_levels,90.46
seattle,47.630382,-122.328342,834.2,120.6,7,32.0,osm_levels,24.66
seattle,47.622447,-122.333877,1653.8,183.7,14,54.400000000000006,osm_levels,58.91
seattle,47.630338,-122.328379,1805.5,196.4,56,25.6,osm_levels,24.43
seattle,47.625014,-122.336739,1342.6,143.4,9,19.200000000000003,osm_levels,57.62
seattle,47.589252,-122.330826,5042.2,449.8,5,,default,17.57
seattle,47.626217,-122.33786,56.6,34.4,9,,default,2.17
seattle,47.624228,-122.336484,3268.7,253.9,17,19.200000000000003,osm_levels,27.43
seattle,47.630295,-122.330058,82.4,36.8,5,,default,5.42
seattle,47.625392,-122.336407,938.6,137.8,7,44.8,osm_levels,31.82
seattle,47.625422,-122.336468,2499.9,210.0,7,38.400000000000006,osm_levels,31.93
seattle,47.625435,-122.336482,2705.6,216.3,5,28.8,osm_levels,31.88
seattle,47.629966,-122.330018,278.9,71.4,5,,default,11.02
seattle,47.589866,-122.331878,680.7,106.4,5,,default,6.61
seattle,47.589273,-122.332483,9599.5,465.3,15,19.200000000000003,osm_levels,16.73
seattle,47.628234,-122.340734,592.6,101.8,5,12.8,osm_levels,16.82
seattle,47.629855,-122.330411,888.8,133.9,24,,default,10.75
seattle,47.591767,-122.334861,2422.1,290.4,21,12.8,osm_levels,11.79
seattle,47.629479,-122.329516,21.6,21.5,5,,default,7.71
seattle,47.590944,-122.331645,411.4,90.5,8,,default,63.85
seattle,47.595162,-122.332695,9966.6,490.5,20,,default,61.62
seattle,47.592056,-122.331635,16.4,17.5,5,,default,9.77
seattle,47.627582,-122.336633,1316.6,147.0,5,,default,18.91
seattle,47.592103,-122.33267,41.7,33.1,5,,default,9.59
seattle,47.592061,-122.332666,48.6,32.7,5,,default,2.18
seattle,47.627587,-122.336619,2765.9,218.3,14,9.6,osm_levels,18.84
seattle,47.591981,-122.332972,803.1,118.3,11,,default,23.28
seattle,47.594248,-122.388369,692.2,114.6,25,22.4,osm_levels,21.99
seattle,47.626362,-122.333146,4687.5,407.4,43,25.6,osm_levels,25.79
seattle,47.628808,-122.331813,1557.5,204.7,19,,default,10.99
