name,label,north,south,east,west,rotation
Lake George,coorlist,43.8742,43.3333,-73.4167,-73.7908,0.0
Lake George Turned,coorlist,42.125,41.5,-72.9167,-73.1417,35.0
ADKs,coorlist,44.4167,43.9583,-73.6667,-74.2492,0.0
Great Range Trail,coorlist,44.2083,44.0417,-73.75,-74.0408,0.0
Catskills,coorlist,42.4167,41.8333,-74.0,-74.8333,0.0
SlideMountain,coorlist,42.0667,41.925,-74.3167,-74.4583,0.0
DevilsPath,coorlist,42.25,42.0833,-74.0417,-74.4167,0.0
IceCoast,coorlist,45.75,42.5,-69.5833,-74.3333,0.0
MtBondNH,coorlist,44.25,44.0,-71.375,-71.675,0.0
MtWashington,coorlist,44.3583,44.2083,-71.2083,-71.375,0.0
Killington Small,coorlist,43.6575,43.5583,-72.775,-72.8742,0.0
Killington,coorlist,43.6667,43.5583,-72.75,-72.8667,0.0
Stratton,coorlist,43.1458,43.0417,-72.85,-72.9583,0.0
Okemo,coorlist,43.4417,43.35,-72.7083,-72.7917,0.0
Jay Peak,coorlist,45.0417,44.8542,-72.4167,-72.625,0.0
Pennsylvania,coorlist,42.0833,39.5833,-74.6667,-80.4167,0.0
Delaware Water Gap,coorlist,41.5417,40.875,-74.5833,-75.25,0.0
Delaware Water Gap Turned,coorlist,39.25,38.4167,-73.4583,-73.875,45.0
StatenIsland,coorlist,40.6667,40.4833,-74.0417,-74.2667,0.0
PoconosAll,coorlist,41.5417,40.875,-75.1667,-76.0,0.0
Poconos,coorlist,41.3333,41.0,-75.175,-75.4583,0.0
Poconos,coorlist,41.3583,41.025,-75.2083,-75.5417,0.0
Jim Thorpe,coorlist,41.0833,40.7083,-75.5083,-75.875,0.0
Jim Thorpe,coorlist,40.0417,39.75,-75.5167,-75.725,-15.0
Smokey Mts,coorlist,35.7917,35.4167,-82.9167,-84.0,0.0
MtMitchell,coorlist,35.9167,35.625,-82.1667,-82.4583,0.0
Olympic,coorlist,48.1667,47.5,-122.75,-124.4167,0.0
HurricaneRidge,coorlist,48.0833,47.9167,-123.3333,-123.5417,0.0
Rainier,coorlist,46.9667,46.7333,-121.625,-121.9,0.0
Colorado,coorlist,39.7917,39.375,-105.4167,-105.8333,0.0
Breckenridge+KEyStone,coorlist,39.625,39.2917,-105.875,-106.2083,0.0
Breckenridge,coorlist,39.5417,39.3333,-106.0,-106.2083,0.0
Revelstoke,coorlist,51.1667,50.875,-117.9583,-118.25,0.0
Whisler,coorlist,50.2917,49.9167,-122.75,-123.125,0.0
Banff,coorlist,51.5833,50.9167,-115.25,-115.9167,0.0
LakeLouise1,coorlist,51.6667,51.25,-115.875,-116.3667,0.0
LakeLouise2,coorlist,51.6667,51.2083,-114.625,-114.9583,35.0
LakeLouise3,coorlist,51.5167,51.4,-114.725,-114.8583,35.0
LakeLouise4,coorlist,51.5583,51.4083,-115.5333,-115.7083,0.0
Tah,coorlist,40.7083,40.4417,-111.45,-111.7917,0.0
Snowbird,coorlist,40.6167,40.525,-111.5917,-111.6833,0.0
Brighton,coorlist,40.6667,40.5708,-111.5417,-111.6333,0.0
ParkCity,coorlist,40.7083,40.5917,-111.475,-111.625,0.0
ParkCity,coorlist,39.5667,39.3958,-112.0583,-112.1542,-45.0
Wasatch,coorlist,41.375,41.1667,-111.375,-111.625,0.0
Zion National Park,coorlist,37.9167,37.0833,-112.5,-113.3333,0.0
Zion National Park,coorlist,37.5,37.0833,-112.6667,-113.1667,0.0
Zion National Park_Angels_Landing,coorlist,37.3333,37.1667,-112.875,-113.0417,0.0
Grand Canyon,coorlist,37.0833,35.4167,-111.25,-114.1667,0.0
Grand Canyon,coorlist,36.3333,35.4167,-111.4167,-113.75,-10.0
Yellowstone,coorlist,45.5833,43.5,-108.8333,-111.0833,0.0
Yellowstone,coorlist,45.5,43.4167,-109.25,-111.1667,0.0
GrandTeton,coorlist,44.125,43.375,-110.4167,-111.0833,0.0
YosemiteBig,coorlist,38.0,37.625,-119.2917,-119.6667,0.0
Yosemite,coorlist,37.875,37.625,-119.4167,-119.6667,0.0
San Fran,coorlist,38.1667,37.4167,-122.0,-122.75,0.0
Silicon Valley,coorlist,37.1667,35.7667,-120.5833,-121.6667,-35.0
Santa Fe,coorlist,39.9992,35.0,-105.0,-109.9992,0.0
Taos,coorlist,36.8333,36.1667,-105.0,-105.5833,0.0
Philmont,coorlist,36.6917,36.4167,-105.0583,-105.2667,0.0
Philmont,coorlist,35.5583,35.275,-104.875,-105.0,-15.0
Nepal,coorlist,29.1667,26.4583,90.0,81.6667,0.0
Everest,coorlist,28.1667,27.8333,87.0417,86.8333,0.0
Colombia,coorlist,12.5,0.4167,-70.8333,-78.3333,0.0
Peru,coorlist,-5.0008,-10.0,-75.0,-79.9992,0.0
Chile,coorlist,-15.0008,-20.0,-65.0,-69.9992,0.0
Hawaii,coorlist,18.4167,16.6667,-153.3333,-159.5833,30.0
Flinders,coorlist,-31.4583,-31.6417,138.6667,138.475,0.0
Flinders,coorlist,-31.8333,-32.025,138.9833,138.775,20.0
Phillipines,coorlist,19.9992,15.0,125.0,120.0008,0.0
Spain,coorlist,44.9992,40.0,-5.0,-9.9992,0.0
SierraNeveda,coorlist,37.25,36.9167,-2.75,-3.5833,0.0
Greece,coorlist,41.6667,35.8333,25.8333,20.0008,0.0
GreeceAndIslands,coorlist,41.6667,35.8333,26.6667,20.0008,0.0
Crete,coorlist,35.75,34.75,26.5,23.375,0.0
Puerto Rico,coorlist,18.5833,17.8333,-65.5,-67.3333,0.0
