Filename,Rotation,GridX1,GridX2,GridY1,GridY2,X1,X2,Y1,Y2
Lake George,0,22,22,4,4,1351,2000,1451,1900
Lake George Turned,35,22,22,4,4,3450,4200,2230,2500
ADKs,0,22,22,4,4,700,1250,901,1600
Great Range Trail,0,22,22,4,4,950,1150,1151,1500
Catskills,0,22,22,4,4,3100,3800,200,1200
SlideMountain,0,22,22,4,4,3520,3690,650,820
DevilsPath,0,22,22,4,4,3300,3500,700,1150
IceCoast,0,22,23,3,4,5100,9000,800,6500
MtBondNH,0,22,22,4,4,900,1200,3990,4350
MtWashington,0,22,22,4,4,770,950,4350,4550
Killington Small,0,22,22,4,4,1611,1730,2551,2670
Killington,0,22,22,4,4,1600,1730,2560,2700
Stratton,0,22,22,4,4,2225,2350,2450,2580
Okemo,0,22,22,4,4,1870,1980,2650,2750
Jay Peak,0,22,22,3,4,5950,6175,2850,3100
Pennsylvania,0,20,22,4,5,3500,6500,5500,12400
Delaware Water Gap,0,21,22,4,4,4150,4950,5700,6500
Delaware Water Gap Turned,45,21,22,4,4,6900,7900,7350,7850
StatenIsland,0,22,22,4,4,5200,5420,880,1150
PoconosAll,0,21,22,4,4,4150,4950,4800,5800
Poconos,0,21,22,4,4,4400,4800,5450,5790
Poconos,0,21,22,4,4,4370,4770,5350,5750
Jim Thorpe,0,21,22,4,4,4700,5150,4950,5390
Jim Thorpe,-15,21,22,4,4,5950,6300,5130,5380
Smokey Mts,0,20,20,5,5,5050,5500,1200,2500
MtMitchell,0,20,20,5,5,4900,5250,3050,3400
Olympic,0,12,12,3,3,2200,3000,700,2700
HurricaneRidge,0,12,12,3,3,2300,2500,1750,2000
Rainier,0,12,12,3,3,3640,3920,3720,4050
Colorado,0,15,15,5,5,250,750,5000,5500
Breckenridge+KEyStone,0,15,15,4,5,6450,6850,4550,4950
Breckenridge,0,15,15,4,5,6550,6800,4550,4800
Revelstoke,0,13,13,2,2,4600,4950,2100,2450
Whisler,0,12,12,2,3,5650,6100,2250,2700
Banff,0,13,13,2,2,4100,4900,4900,5700
LakeLouise1,0,13,13,2,2,4000,4500,4360,4950
LakeLouise2,35,13,13,2,2,4000,4550,6050,6450
LakeLouise3,35,13,13,2,2,4180,4320,6170,6330
LakeLouise4,0,13,13,2,2,4130,4310,5150,5360
Tah,0,14,14,4,4,5150,5470,3850,4260
Snowbird,0,14,14,4,4,5260,5370,3980,4090
Brighton,0,14,14,4,4,5200,5315,4040,4150
ParkCity,0,14,14,4,4,5150,5290,4050,4230
ParkCity,-45,14,14,4,4,6520,6725,3415,3530
Wasatch,0,14,14,4,4,4350,4600,4050,4350
Zion National Park,0,14,14,5,5,2500,3500,2000,3000
Zion National Park,0,14,14,5,5,3000,3500,2200,2800
Zion National Park_Angels_Landing,0,14,14,5,5,3200,3400,2350,2550
Grand Canyon,0,14,14,5,5,3500,5500,1000,4500
Grand Canyon,-10,14,14,5,5,4400,5500,1500,4300
Yellowstone,0,14,15,3,4,5300,7800,4700,7400
Yellowstone,0,14,15,3,4,5400,7900,4600,6900
GrandTeton,0,14,15,3,4,7050,7950,4700,5500
YosemiteBig,0,12,13,5,5,2400,2850,6400,6850
Yosemite,0,12,13,5,5,2550,2850,6400,6700
San Fran,0,12,12,5,5,2200,3100,2700,3600
Silicon Valley,-35,12,12,5,5,3400,5080,4000,5300
Santa Fe,0,15,15,5,5,1,6000,1,6000
Taos,0,15,15,5,5,3800,4600,5300,6000
Philmont,0,15,15,5,5,3970,4300,5680,5930
Philmont,-15,15,15,5,5,5330,5670,6000,6150
Nepal,0,53,54,7,7,1000,4250,2000,12000
Everest,0,54,54,7,7,2200,2600,2200,2450
Colombia,0,21,22,10,12,3000,17500,2000,11000
Peru,0,21,22,14,16,1,6000,1,6000
Chile,0,23,23,16,19,1,6000,1,6000
Hawaii,30,4,6,8,9,7900,10000,6500,14000
Flinders,0,64,64,19,19,1750,1970,4170,4400
Flinders,20,64,64,19,19,2200,2430,4530,4780
Phillipines,0,61,61,9,11,1,6000,1,6000
Spain,0,35,37,4,5,1,6000,1,6000
SierraNeveda,0,36,36,5,5,3300,3700,1700,2700
Greece,0,41,42,4,5,4000,11000,1,7000
GreeceAndIslands,0,41,42,4,5,4000,11000,1,8000
Crete,0,41,42,5,6,5100,6300,4050,7800
Puerto Rico,0,23,23,9,9,1700,2600,3200,5400
